Ablepharus budaki;Lepidosauria
Ablepharus chernovi;Lepidosauria
Ablepharus kitaibelii;Lepidosauria
Abrothrix hirta;Mammalia
Abrothrix manni;Mammalia
Abudefduf bengalensis;Actinopteri
Abudefduf septemfasciatus;Actinopteri
Abudefduf sexfasciatus;Actinopteri
Abudefduf sordidus;Actinopteri
Acanthodactylus aureus;Lepidosauria
Acanthodactylus blanfordii;Lepidosauria
Acanthodactylus boskianus;Lepidosauria
Acanthodactylus dumerilii;Lepidosauria
Acanthodactylus erythrurus;Lepidosauria
Acanthodactylus maculatus;Lepidosauria
Acanthodactylus opheodurus;Lepidosauria
Acanthodactylus schreiberi;Lepidosauria
Acanthodactylus scutellatus;Lepidosauria
Acanthopagrus sheim;Actinopteri
Acanthopagrus taiwanensis;Actinopteri
Acanthurus achilles;Actinopteri
Acanthurus japonicus;Actinopteri
Acanthurus leucosternon;Actinopteri
Acanthurus nigrofuscus;Actinopteri
Acanthurus nigroris;Actinopteri
Acanthurus reversus;Actinopteri
Acantopsis dialuzona;Actinopteri
Acerodon jubatus;Mammalia
Acheilognathus chankaensis;Actinopteri
Acheilognathus melanogaster;Actinopteri
Achondrostoma arcasii;Actinopteri
Achondrostoma occidentale;Actinopteri
Achondrostoma salmantinum;Actinopteri
Acomys chudeaui;Mammalia
Acomys muzei;Mammalia
Acomys spinosissimus;Mammalia
Acontias aurantiacus;Lepidosauria
Acontias breviceps;Lepidosauria
Acontias fitzsimonsi;Lepidosauria
Acontias gracilicauda;Lepidosauria
Acontias meleagris;Lepidosauria
Acontias occidentalis;Lepidosauria
Acris gryllus;Amphibia
Acrocephalus agricola;Aves
Acrocephalus australis;Aves
Acrocephalus baeticatus;Aves
Acrocephalus fuscus;Aves
Acrocephalus hiwae;Aves
Acrocephalus luscinius;Aves
Acrocephalus mendanae;Aves
Acrocephalus orinus;Aves
Acrossocheilus iridescens;Actinopteri
Acrossocheilus longipinnis;Actinopteri
Acrossocheilus wenchowensis;Actinopteri
Adenomera diptyx;Amphibia
Adenomera saci;Amphibia
Adenomera simonstuarti;Amphibia
Adenomera thomei;Amphibia
Adolfus jacksoni;Lepidosauria
Aeorestes cinereus;Mammalia
Aethalops alecto;Mammalia
Aethomys chrysophilus;Mammalia
Aethomys hindei;Mammalia
Aethomys ineptus;Mammalia
Aethomys kaiseri;Mammalia
Aethotaxis mitopteryx;Actinopteri
Aetobatus narinari;Chondrichthyes
Afroedura pondolia;Lepidosauria
Agama atra;Lepidosauria
Agamura persica;Lepidosauria
Ageneiogarra imberba;Actinopteri
Aglyptodactylus madagascariensis;Amphibia
Ahaetulla farnsworthi;Lepidosauria
Ailuroedus geislerorum;Aves
Ailuroedus melanotis;Aves
Ailuronyx seychellensis;Lepidosauria
Ailuronyx tachyscopaeus;Lepidosauria
Aipysurus eydouxii;Lepidosauria
Akodon fumeus;Mammalia
Akodon paranaensis;Mammalia
Alaudala cheleensis;Aves
Alaudala heinei;Aves
Albula gilberti;Actinopteri
Albula glossodonta;Actinopteri
Albula oligolepis;Actinopteri
Alburnoides bipunctatus;Actinopteri
Alburnoides eichwaldii;Actinopteri
Alburnoides kubanicus;Actinopteri
Alburnoides ohridanus;Actinopteri
Alburnoides strymonicus;Actinopteri
Alburnus albidus;Actinopteri
Alburnus arborella;Actinopteri
Alburnus derjugini;Actinopteri
Alburnus escherichii;Actinopteri
Alburnus filippii;Actinopteri
Alburnus kotschyi;Actinopteri
Alburnus scoranza;Actinopteri
Alburnus sellal;Actinopteri
Alcippe morrisonia;Aves
Alcippe nipalensis;Aves
Alcippe poioicephala;Aves
Alectoris magna;Aves
Alectrurus risora;Aves
Alethe castanea;Aves
Alexandromys mongolicus;Mammalia
Alfaro cultratus;Actinopteri
Algyroides nigropunctatus;Lepidosauria
Alopoglossus angulatus;Lepidosauria
Alouatta discolor;Mammalia
Alsodes hugoi;Amphibia
Alticola barakshin;Mammalia
Alticola lemminus;Mammalia
Alticola macrotis;Mammalia
Alticola strelzovi;Mammalia
Alytes obstetricans;Amphibia
Ambassis agassizii;Actinopteri
Ambassis agrammus;Actinopteri
Ambassis macleayi;Actinopteri
Ambystoma laterale;Amphibia
Ameerega bassleri;Amphibia
Ameerega hahneli;Amphibia
Ameerega trivittata;Amphibia
Amietia nutti;Amphibia
Ammocrypta beanii;Actinopteri
Amniataba percoides;Actinopteri
Amphilius grammatophorus;Actinopteri
Amphilius jacksonii;Actinopteri
Amphiprion leucokranos;Actinopteri
Anabarilius grahami;Actinopteri
Anablepsoides hartii;Actinopteri
Anairetes nigrocristatus;Aves
Anairetes reguloides;Aves
Anarhichas denticulatus;Actinopteri
Anatololacerta anatolica;Lepidosauria
Anatololacerta danfordi;Lepidosauria
Anatololacerta oertzeni;Lepidosauria
Anatololacerta pelasgiana;Lepidosauria
Anaxyrus woodhousii;Amphibia
Ancherythroculter nigrocauda;Actinopteri
Andinoacara latifrons;Actinopteri
Andinoacara pulcher;Actinopteri
Andinomys edax;Mammalia
Aneides hardii;Amphibia
Anguilla interioris;Actinopteri
Anhydrophryne rattrayi;Amphibia
Anilios ammodytes;Lepidosauria
Anilios australis;Lepidosauria
Anilios bicolor;Lepidosauria
Anilios bituberculatus;Lepidosauria
Anilios diversus;Lepidosauria
Anilios endoterus;Lepidosauria
Anilios grypus;Lepidosauria
Anilios hamatus;Lepidosauria
Anilios kimberleyensis;Lepidosauria
Anilios nigrescens;Lepidosauria
Anilios pilbarensis;Lepidosauria
Anilios waitii;Lepidosauria
Anisotremus davidsonii;Actinopteri
Anisotremus interruptus;Actinopteri
Anisotremus surinamensis;Actinopteri
Anolis aeneus;Lepidosauria
Anolis australis;Lepidosauria
Anolis bonairensis;Lepidosauria
Anolis cooki;Lepidosauria
Anolis cristatellus;Lepidosauria
Anolis cybotes;Lepidosauria
Anolis higuey;Lepidosauria
Anolis krugi;Lepidosauria
Anolis luciae;Lepidosauria
Anolis marmoratus;Lepidosauria
Anolis monensis;Lepidosauria
Anolis oculatus;Lepidosauria
Anolis osa;Lepidosauria
Anolis richardii;Lepidosauria
Anolis trinitatis;Lepidosauria
Anser erythropus;Aves
Anthus chloris;Aves
Anthus similis;Aves
Aparallactus capensis;Lepidosauria
Aparallactus modestus;Lepidosauria
Apathya cappadocica;Lepidosauria
Aphaniops hormuzensis;Actinopteri
Aphaniops stoliczkanus;Actinopteri
Aphanius baeticus;Actinopteri
Aphanius farsicus;Actinopteri
Aphanius fasciatus;Actinopteri
Aphanius sophiae;Actinopteri
Aphelocoma wollweberi;Aves
Aphelocoma woodhouseii;Aves
Aphyocypris chinensis;Actinopteri
Aphyocypris kikuchii;Actinopteri
Aphyocypris moltrechti;Actinopteri
Aphyocypris normalis;Actinopteri
Aphyosemion ahli;Actinopteri
Aphyosemion riggenbachi;Actinopteri
Apistogramma agassizii;Actinopteri
Apistogramma caetei;Actinopteri
Apodemus mystacinus;Mammalia
Apodemus witherbyi;Mammalia
Apogon dovii;Actinopteri
Apogon imberbis;Actinopteri
Apogon lativittatus;Actinopteri
Apogon retrosella;Actinopteri
Apomys datae;Mammalia
Apomys sierrae;Mammalia
Apomys zambalensis;Mammalia
Arborimus longicaudus;Mammalia
Ardenna carneipes;Aves
Ardenna grisea;Aves
Ardops nichollsi;Mammalia
Argyrosomus coronus;Actinopteri
Aristelliger praesignis;Lepidosauria
Arizelocichla masukuensis;Aves
Arizelocichla tephrolaema;Aves
Arremon flavirostris;Aves
Arthroleptis wageri;Amphibia
Artibeus fraterculus;Mammalia
Artibeus hirsutus;Mammalia
Arvicanthis blicki;Mammalia
Arvicanthis nairobae;Mammalia
Arvicanthis neumanni;Mammalia
Arvicanthis somalicus;Mammalia
Arvicola amphibius;Herviviricetes
Arvicola persicus;Mammalia
Arvicola sapidus;Mammalia
Asaccus gallagheri;Lepidosauria
Asaccus gardneri;Lepidosauria
Asellia tridens;Mammalia
Aselliscus stoliczkanus;Mammalia
Asthenodipsas lasgalenensis;Lepidosauria
Astroblepus gr.;Actinopteri
Astyanax mexicanus;Actinopteri
Astyanax petenensis;Actinopteri
Atelopus hoogmoedi;Amphibia
Atelopus zeteki;Amphibia
Atherina boyeri;Actinopteri
Atlapetes albinucha;Aves
Attila spadiceus;Aves
Aulacorhynchus derbianus;Aves
Aulacorhynchus prasinus;Aves
Aulacorhynchus sulcatus;Aves
Aulopyge huegelii;Actinopteri
Australoheros facetus;Actinopteri
Austrolebias minuano;Actinopteri
Austrolebias nigrofasciatus;Actinopteri
Austrolebias pongondo;Actinopteri
Austrolebias reicherti;Actinopteri
Austrolebias robustus;Actinopteri
Austrolebias vazferreirai;Actinopteri
Austrolebias viarius;Actinopteri
Austrolebias wolterstorffi;Actinopteri
Awaous acritosus;Actinopteri
Awaous guamensis;Actinopteri
Awaous stamineus;Actinopteri
Aztecula sallaei;Actinopteri
Babina holsti;Amphibia
Badis badis;Actinopteri
Baiomys musculus;Mammalia
Bandicota bengalensis;Mammalia
Bandicota savilei;Herviviricetes
Barbatula minxianensis;Actinopteri
Barbodes carnaticus;Actinopteri
Barbodes lateristriga;Actinopteri
Barbodes semifasciolatus;Actinopteri
Barbus caninus;Actinopteri
Barbus cercops;Actinopteri
Barbus cyri;Actinopteri
Barbus lacerta;Actinopteri
Barbus samniticus;Actinopteri
Barbus tauricus;Actinopteri
Barbus tyberinus;Actinopteri
Barilius bendelisis;Actinopteri
Baryancistrus xanthellus;Actinopteri
Basileuterus culicivorus;Aves
Basileuterus hypoleucus;Aves
Basileuterus leucoblepharus;Aves
Batagur kachuga;
Bathyergus suillus;Mammalia
Bathyraja maccaini;Chondrichthyes
Batrachoseps attenuatus;Amphibia
Batrachoseps bramei;Amphibia
Batrachoseps major;Amphibia
Batrachoseps simatus;Amphibia
Batrachuperus londongensis;Amphibia
Batrachuperus taibaiensis;Amphibia
Batrachuperus tibetanus;Amphibia
Batrachyla leptopus;Amphibia
Beamys hindei;Mammalia
Belodontichthys truncatus;Actinopteri
Beringraja pulchra;Chondrichthyes
Berylmys bowersi;Mammalia
Betta pulchra;Actinopteri
Blarina carolinensis;Mammalia
Blarinella wardi;Mammalia
Blarinomys breviceps;Mammalia
Bleda canicapillus;Aves
Bleda eximius;Aves
Bleda notatus;Aves
Bleda syndactylus;Aves
Blommersia blommersae;Amphibia
Boa imperator;Lepidosauria
Boaedon fuliginosus;Lepidosauria
Boana polytaenia;Amphibia
Boana riojana;Amphibia
Boiga nuchalis;Lepidosauria
Bokermannohyla saxicola;Amphibia
Bolitoglossa gomezi;Amphibia
Bolitoglossa nympha;Amphibia
Bolitoglossa peruviana;Amphibia
Bolitoglossa porrasorum;Amphibia
Bolitoglossa rufescens;Amphibia
Bombina microdeladigitora;Amphibia
Bombina pachypus;Amphibia
Boophis doulioti;Amphibia
Boophis madagascariensis;Amphibia
Boophis tephraeomystax;Amphibia
Bostrychus sinensis;Actinopteri
Bothrops bilineatus;Lepidosauria
Bothrops isabelae;Lepidosauria
Bothrops leucurus;Lepidosauria
Bothrops pauloensis;Lepidosauria
Botrylloides praelongus;Ascidiacea
Brachycephalus ephippium;Amphibia
Brachyphylla nana;Mammalia
Brachyplatystoma platynemum;Actinopteri
Brachyrhaphis roseni;Actinopteri
Brachyrhaphis terrabensis;Actinopteri
Brama japonica;Actinopteri
Branchiostegus albus;Actinopteri
Branchiostoma japonicum;Leptocardii
Brotogeris chrysoptera;Aves
Brucepattersonius soricinus;Mammalia
Buergeria buergeri;Amphibia
Buergeria japonica;Amphibia
Buergeria otai;Amphibia
Buergeria robusta;Amphibia
Bufo spinosus;Amphibia
Bufo torrenticola;Amphibia
Bullimus bagobus;Mammalia
Bullimus luzonicus;Mammalia
Bullockia maldonadoi;Actinopteri
Cacajao ayresi;Mammalia
Cacajao hosomi;Mammalia
Cacicus chrysopterus;Aves
Cacosternum nanum;Amphibia
Caiman yacare;
Calandrella acutirostris;Aves
Calandrella brachydactyla;Aves
Calandrella cinerea;Aves
Calandrella rufescens;Aves
Calidris subruficollis;Aves
Calliope pectoralis;Aves
Calomys laucha;Mammalia
Calomys musculinus;Mammalia
Calomys sorellus;Mammalia
Calomys tener;Mammalia
Calomys venustus;Mammalia
Calomyscus elburzensis;Mammalia
Calomyscus hotsoni;Mammalia
Calonectris borealis;Aves
Caluromys lanatus;Mammalia
Campylomormyrus tamandua;Actinopteri
Campylorhamphus procurvoides;Aves
Campylorhynchus rufinucha;Aves
Campylorhynchus zonatus;Aves
Candidia barbata;Actinopteri
Candidia sieboldii;Actinopteri
Candidia temminckii;Actinopteri
Capito auratus;Aves
Capoeta aculeata;Actinopteri
Capoeta baliki;Actinopteri
Capoeta banarescui;Actinopteri
Capoeta capoeta;Actinopteri
Capoeta razii;Actinopteri
Capoeta tinca;Actinopteri
Capoeta trutta;Actinopteri
Caprimulgus longirostris;Aves
Carassius langsdorfii;Actinopteri
Cardellina pusilla;Aves
Cardellina rubra;Aves
Careproctus rastrinus;Actinopteri
Carlia ailanpalai;Lepidosauria
Carlia rhomboidalis;Lepidosauria
Carlia rubrigularis;Lepidosauria
Carlito syrichta;Mammalia
Carpodacus sibiricus;Aves
Casinycteris argynnis;Mammalia
Catostomus ardens;Actinopteri
Catostomus bernardini;Actinopteri
Catostomus nebuliferus;Actinopteri
Cebuella niveiventris;Mammalia
Cebuella pygmaea;Mammalia
Celeus grammicus;Aves
Centropomus parallelus;Actinopteri
Centropyge eibli;Actinopteri
Centropyge loriculus;Actinopteri
Centropyge vrolikii;Actinopteri
Cephalopholis argus;Actinopteri
Cerberus schneiderii;Lepidosauria
Cerradomys langguthi;Mammalia
Cerradomys scotti;Mammalia
Cerradomys subflavus;Mammalia
Cerrophidion wilsoni;Lepidosauria
Certhidea fusca;Aves
Certhidea olivacea;Aves
Cetengraulis edentulus;Actinopteri
Chaenogobius gulosus;Actinopteri
Chaerephon atsinanana;Mammalia
Chaerephon leucogaster;Mammalia
Chaetodipus arenarius;Mammalia
Chaetodipus dalquesti;Mammalia
Chaetodipus hispidus;Mammalia
Chaetodipus spinatus;Mammalia
Chaetodon auriga;Actinopteri
Chaetodon austriacus;Actinopteri
Chaetodon citrinellus;Actinopteri
Chaetodon declivis;Actinopteri
Chaetodon fremblii;Actinopteri
Chaetodon guttatissimus;Actinopteri
Chaetodon lunulatus;Actinopteri
Chaetodon melapterus;Actinopteri
Chaetodon meyeri;Actinopteri
Chaetodon miliaris;Actinopteri
Chaetodon multicinctus;Actinopteri
Chaetodon ornatissimus;Actinopteri
Chaetodon punctofasciatus;Actinopteri
Chaetodon trifasciatus;Actinopteri
Chaetostoma microps;Actinopteri
Chalcides bedriagai;Lepidosauria
Chalcides viridanus;Lepidosauria
Chalcophaps indica;Aves
Chalinolobus tuberculatus;Mammalia
Channa gachua;Actinopteri
Channa limbata;Actinopteri
Channa lucius;Actinopteri
Channa punctata;Actinopteri
Characodon audax;Actinopteri
Characodon lateralis;Actinopteri
Charadrius mongolus;Aves
Cheilinus undulatus;Actinopteri
Chelonoidis carbonarius;
Chelonoidis chilensis;
Chelonoidis denticulatus;
Chelonoidis niger;
Cheracebus lugens;Mammalia
Chersina angulata;
Chersobius signatus;
Chersomanes albofasciata;Aves
Chilabothrus granti;Lepidosauria
Chilabothrus subflavus;Lepidosauria
Chiloglanis brevibarbis;Actinopteri
Chiloglanis paratus;Actinopteri
Chiloglanis pretoriae;Actinopteri
Chioninia fogoensis;Lepidosauria
Chioninia spinalis;Lepidosauria
Chionomys gud;Mammalia
Chiroderma villosum;Mammalia
Chiromyscus chiropus;Mammalia
Chiromyscus langbianis;Mammalia
Chirostoma attenuatum;Actinopteri
Chiroxiphia caudata;Aves
Chlamydogobius eremius;Actinopteri
Chlamydotis macqueenii;Aves
Chlidonias albostriatus;Aves
Chlidonias hybrida;Aves
Chloris sinica;Aves
Chloropsis aurifrons;Aves
Chloropsis cochinchinensis;Aves
Chodsigoa hypsibia;Mammalia
Chondrostoma angorense;Actinopteri
Chondrostoma ceyhanensis;Actinopteri
Chondrostoma cyri;Actinopteri
Chondrostoma regium;Actinopteri
Chondrostoma smyrnae;Actinopteri
Chondrostoma turnai;Actinopteri
Chromis abrupta;Actinopteri
Chromis agilis;Actinopteri
Chromis bami;Actinopteri
Chromis enchrysura;Actinopteri
Chromis fatuhivae;Actinopteri
Chromis multilineata;Actinopteri
Chromis ovalis;Actinopteri
Chromis vanderbilti;Actinopteri
Chromis verater;Actinopteri
Chromis viridis;Actinopteri
Chromis xanthura;Actinopteri
Chrotomys whiteheadi;Mammalia
Chrysiptera galba;Actinopteri
Chrysiptera glauca;Actinopteri
Chrysiptera rapanui;Actinopteri
Chrysiptera rex;Actinopteri
Chuco intermedium;Actinopteri
Cinclosoma clarum;Aves
Cinnyris jugularis;Aves
Clarias macrocephalus;Actinopteri
Clupisoma garua;Actinopteri
Cnesterodon decemmaculatus;Actinopteri
Cobitis dalmatina;Actinopteri
Cobitis elongata;Actinopteri
Cobitis hankugensis;Actinopteri
Cobitis illyrica;Actinopteri
Cobitis maroccana;Actinopteri
Cobitis minamorii;Actinopteri
Cobitis nalbanti;Actinopteri
Cobitis narentana;Actinopteri
Cobitis ohridana;Actinopteri
Cobitis simplicispina;Actinopteri
Cobitis strumicae;Actinopteri
Cobitis tanaitica;Actinopteri
Cobitis turcica;Actinopteri
Cobitis vettonica;Actinopteri
Coleodactylus meridionalis;Lepidosauria
Coleura afra;Mammalia
Colluricincla megarhyncha;Aves
Colonia colonus;Aves
Colpichthys hubbsi;Actinopteri
Colpichthys regis;Actinopteri
Comephorus baikalensis;Actinopteri
Compsaraia samueli;Actinopteri
Concinnia amplus;Lepidosauria
Concinnia queenslandiae;Lepidosauria
Conepatus semistriatus;Mammalia
Copeoglossum nigropunctatum;Lepidosauria
Coreius guichenoti;Actinopteri
Coreoperca whiteheadi;Actinopteri
Coronella austriaca;Lepidosauria
Coronella girondica;Lepidosauria
Corynorhinus rafinesquii;Mammalia
Corythoichthys haematopterus;Actinopteri
Cottiusculus nihonkaiensis;Actinopteri
Cottiusculus schmidti;Actinopteri
Cottus beldingii;Actinopteri
Cottus hypselurus;Actinopteri
Cottus immaculatus;Actinopteri
Cottus klamathensis;Actinopteri
Cottus marginatus;Actinopteri
Cottus pitensis;Actinopteri
Cottus rhotheus;Actinopteri
Cottus schitsuumsh;Actinopteri
Coturnicops noveboracensis;Aves
Craterocephalus eyresii;Actinopteri
Craterocephalus fluviatilis;Actinopteri
Craterocephalus stercusmuscarum;Actinopteri
Cratogeomys goldmani;Mammalia
Cratogeomys tylorhinus;Mammalia
Craugastor crassidigitus;Amphibia
Craugastor fitzingeri;Amphibia
Craugastor occidentalis;Amphibia
Crenichthys baileyi;Actinopteri
Crenichthys nevadae;Actinopteri
Crenicichla lepidota;Actinopteri
Crenicichla minuano;Actinopteri
Crenicichla missioneira;Actinopteri
Crenicichla scottii;Actinopteri
Crenicichla tesay;Actinopteri
Crenimugil crenilabis;Actinopteri
Crenimugil seheli;Actinopteri
Creteuchiloglanis macropterus;Actinopteri
Cribroheros alfari;Actinopteri
Cribroheros bussingi;Actinopteri
Cribroheros longimanus;Actinopteri
Cribroheros rhytisma;Actinopteri
Cribroheros robertsoni;Actinopteri
Cricetulus griseus;Mammalia
Cricetulus longicaudatus;Mammalia
Cricetulus migratorius;Mammalia
Cricetulus sokolovi;Mammalia
Criniger calurus;Aves
Crithagra rufobrunnea;Aves
Crocidura baileyi;Mammalia
Crocidura beccarii;Mammalia
Crocidura brunnea;Mammalia
Crocidura buettikoferi;Mammalia
Crocidura caudipilosa;Mammalia
Crocidura eburnea;Mammalia
Crocidura foxi;Mammalia
Crocidura goliath;Mammalia
Crocidura grandiceps;Mammalia
Crocidura ichnusae;Mammalia
Crocidura jouvenetae;Mammalia
Crocidura levicula;Mammalia
Crocidura lucina;Mammalia
Crocidura makeda;Mammalia
Crocidura mediocris;Mammalia
Crocidura monax;Mammalia
Crocidura montis;Mammalia
Crocidura munissii;Mammalia
Crocidura muricauda;Mammalia
Crocidura newmarki;Mammalia
Crocidura nigripes;Mammalia
Crocidura normalis;Mammalia
Crocidura obscurior;Mammalia
Crocidura ordinaria;Mammalia
Crocidura pachyura;Mammalia
Crocidura pallida;Mammalia
Crocidura parva;Mammalia
Crocidura poensis;Mammalia
Crocidura pseudorhoditis;Mammalia
Crocidura quasielongata;Mammalia
Crocidura rapax;Mammalia
Crocidura rhoditis;Mammalia
Crocidura solita;Mammalia
Crocidura somalica;Mammalia
Crocidura tansaniana;Mammalia
Crocidura turba;Mammalia
Crocidura wuchihensis;Mammalia
Crocidura yaldeni;Mammalia
Crossodactylodes izecksohni;Amphibia
Crotalus culminatus;Lepidosauria
Crotalus simus;Lepidosauria
Crotaphopeltis hotamboeia;Lepidosauria
Crotaphopeltis tornieri;Lepidosauria
Cryptonanus agricolai;Mammalia
Cryptonanus chacoensis;Mammalia
Cryptotis mam;Mammalia
Cryptotis merriami;Mammalia
Cryptotis mexicanus;Mammalia
Ctenochaetus strigosus;Actinopteri
Ctenomys azarae;Mammalia
Ctenomys bidaui;Mammalia
Ctenomys haigi;Mammalia
Ctenomys ibicuiensis;Mammalia
Ctenomys nattereri;Mammalia
Ctenosaura macrolopha;Lepidosauria
Ctenotus brooksi;Lepidosauria
Ctenotus calurus;Lepidosauria
Ctenotus duricola;Lepidosauria
Ctenotus grandis;Lepidosauria
Ctenotus helenae;Lepidosauria
Ctenotus nasutus;Lepidosauria
Ctenotus spaldingi;Lepidosauria
Ctenotus strauchii;Lepidosauria
Ctenotus taeniolatus;Lepidosauria
Curruca althaea;Aves
Curruca conspicillata;Aves
Curruca melanocephala;Aves
Cyanistes ultramarinus;Aves
Cyanoderma ruficeps;Aves
Cyanoloxia cyanoides;Aves
Cyanomitra oritis;Aves
Cyclemys atripons;
Cyclemys oldhami;
Cyclemys pulchristriata;
Cyclocheilichthys apogon;Actinopteri
Cymbilaimus lineatus;Aves
Cynomops abrasus;Mammalia
Cynomops paranus;Mammalia
Cynomops planirostris;Mammalia
Cynops cyanurus;Amphibia
Cynops orientalis;Amphibia
Cynopterus horsfieldii;Mammalia
Cynoscion arenarius;Actinopteri
Cynoscion guatucupa;Actinopteri
Cyornis hainanus;Aves
Cyornis rubeculoides;Aves
Cyornis ruficauda;Aves
Cyprinella gibbsi;Actinopteri
Daboia mauritanica;Lepidosauria
Darevskia bithynica;Lepidosauria
Darevskia brauneri;Lepidosauria
Darevskia caucasica;Lepidosauria
Darevskia chlorogaster;Lepidosauria
Darevskia daghestanica;Lepidosauria
Darevskia dahli;Lepidosauria
Darevskia lindholmi;Lepidosauria
Darevskia mixta;Lepidosauria
Darevskia nairensis;Lepidosauria
Darevskia parvula;Lepidosauria
Darevskia portschinskii;Lepidosauria
Darevskia praticola;Lepidosauria
Darevskia raddei;Lepidosauria
Darevskia valentini;Lepidosauria
Dascyllus aruanus;Actinopteri
Dasypterus intermedius;Mammalia
Davidijordania poecilimon;Actinopteri
Dawkinsia denisonii;Actinopteri
Dawkinsia filamentosa;Actinopteri
Decapterus macarellus;Actinopteri
Decapterus macrosoma;Actinopteri
Decapterus russelli;Actinopteri
Delminichthys adspersus;Actinopteri
Delomys sublineatus;Mammalia
Dendrelaphis pictus;Lepidosauria
Dendrexetastes rufigula;Aves
Dendrocincla fuliginosa;Aves
Dendrocincla merula;Aves
Dendrocolaptes concolor;Aves
Dendrocolaptes picumnus;Aves
Dendrocolaptes platyrostris;Aves
Dendrocoptes medius;Aves
Dendromus insignis;Mammalia
Dendromus lovati;Mammalia
Dendromus nyasae;Mammalia
Dendromus nyikae;Mammalia
Dendropsophus branneri;Amphibia
Dendropsophus labialis;Amphibia
Dendropsophus minutus;Amphibia
Desmognathus marmoratus;Amphibia
Desmognathus orestes;Amphibia
Desmognathus planiceps;Amphibia
Desmomys harringtoni;Mammalia
Devario malabaricus;Actinopteri
Devario micronema;Actinopteri
Diaphus theta;Actinopteri
Dicamptodon aterrimus;Amphibia
Dinarolacerta mosorensis;Lepidosauria
Dinaromys bogdanovi;Mammalia
Dionda argentosa;Actinopteri
Dionda episcopa;Actinopteri
Dionda flavipinnis;Actinopteri
Diploderma polygonatum;Lepidosauria
Diplodus capensis;Actinopteri
Diplodus hottentotus;Actinopteri
Diplolaemus bibronii;Lepidosauria
Diplolaemus darwinii;Lepidosauria
Dipodomys elator;Mammalia
Dipodomys ingens;Mammalia
Dipodomys panamintinus;Mammalia
Dipodomys phillipsii;Mammalia
Dipodomys simulans;Mammalia
Dipturus chinensis;Chondrichthyes
Dipus sagitta;Mammalia
Discoglossus jeanneae;Amphibia
Discoglossus montalentii;Amphibia
Discoglossus pictus;Amphibia
Discoglossus sardus;Amphibia
Discoglossus scovazzi;Amphibia
Distichodus fasciolatus;Actinopteri
Distichodus sexfasciatus;Actinopteri
Ditrema temminckii;Actinopteri
Dolichophis caspius;Lepidosauria
Dormitator latifrons;Actinopteri
Doryrhina cyclops;Mammalia
Dremomys everetti;Mammalia
Dremomys pernyi;Mammalia
Drymophila striaticeps;Aves
Dryolimnas cuvieri;Aves
Dryophylax hypoconia;Lepidosauria
Dryophytes andersonii;Amphibia
Dryophytes chrysoscelis;Amphibia
Dryophytes eximius;Amphibia
Dryophytes japonicus;Amphibia
Dryophytes suweonensis;Amphibia
Dryophytes versicolor;Amphibia
Drysdalia coronoides;Lepidosauria
Duberria lutrix;Lepidosauria
Dussumieria acuta;Actinopteri
Dussumieria elopsoides;Actinopteri
Dyscophus antongilii;Amphibia
Echimys chrysurus;Mammalia
Echis leucogaster;Lepidosauria
Echis ocellatus;Lepidosauria
Echis omanensis;Lepidosauria
Egernia striolata;Lepidosauria
Eirenis persicus;Lepidosauria
Elacatinus figaro;Actinopteri
Elacatinus lori;Actinopteri
Elacatinus pridisi;Actinopteri
Elacatinus puncticulatus;Actinopteri
Elaphe quatuorlineata;Lepidosauria
Eleginus navaga;Actinopteri
Eleotris fusca;Actinopteri
Eleotris sandwicensis;Actinopteri
Elephantulus rupestris;Mammalia
Eleutherodactylus atkinsi;Amphibia
Eleutherodactylus auriculatus;Amphibia
Eleutherodactylus coqui;Amphibia
Eleutherodactylus cuneatus;Amphibia
Eleutherodactylus dimidiatus;Amphibia
Eleutherodactylus eileenae;Amphibia
Eleutherodactylus feichtingeri;Amphibia
Eleutherodactylus glamyrus;Amphibia
Eleutherodactylus iberia;Amphibia
Eleutherodactylus jaumei;Amphibia
Eleutherodactylus limbatus;Amphibia
Eleutherodactylus orientalis;Amphibia
Eleutherodactylus planirostris;Amphibia
Eleutherodactylus portoricensis;Amphibia
Eligmodontia moreni;Mammalia
Eligmodontia morgani;Mammalia
Eliurus carletoni;Mammalia
Eliurus ellermani;Mammalia
Eliurus grandidieri;Mammalia
Eliurus majori;Mammalia
Eliurus minor;Mammalia
Eliurus tsingimbato;Mammalia
Eliurus webbi;Mammalia
Ellobius alaicus;Mammalia
Ellobius talpinus;Mammalia
Ellobius tancrei;Mammalia
Elops saurus;Actinopteri
Elops smithi;Actinopteri
Elseya novaeguineae;
Emballonura atrata;Mammalia
Emballonura raffrayana;Mammalia
Emballonura tiavato;Mammalia
Emberiza rustica;Aves
Emberiza striolata;Aves
Emydocephalus annulatus;Lepidosauria
Emys blandingii;
Encrasicholina heteroloba;Actinopteri
Encrasicholina pseudoheteroloba;Actinopteri
Encrasicholina punctifer;Actinopteri
Engraulis anchoita;Actinopteri
Enhydris enhydris;Lepidosauria
Enhydris subtaeniata;Lepidosauria
Entelurus aequoreus;Actinopteri
Enteromius apleurogramma;Actinopteri
Enteromius foutensis;Actinopteri
Enteromius kerstenii;Actinopteri
Enteromius macrops;Actinopteri
Enteromius mandelai;Actinopteri
Enteromius neumayeri;Actinopteri
Enteromius nyanzae;Actinopteri
Enteromius pallidus;Actinopteri
Enteromius paludinosus;Actinopteri
Enyalius iheringii;Lepidosauria
Eonycteris spelaea;Mammalia
Eothenomys cachinus;Mammalia
Eothenomys eleusis;Mammalia
Eothenomys proditor;Mammalia
Epinephelus andersoni;Actinopteri
Epinephelus costae;Actinopteri
Epinephelus fasciatus;Actinopteri
Epinephelus itajara;Actinopteri
Epinephelus labriformis;Actinopteri
Epinephelus merra;Actinopteri
Epipedobates anthonyi;Amphibia
Epipedobates boulengeri;Amphibia
Epipedobates machalilla;Amphibia
Epipedobates tricolor;Amphibia
Episoriculus caudutus;Mammalia
Epomophorus pusillus;Mammalia
Eptatretus burgeri;Myxini
Eptesicus bottae;Mammalia
Eptesicus isabellinus;Mammalia
Eptesicus nilssonii;Mammalia
Epthianura crocea;Aves
Eremias arguta;Lepidosauria
Eremias multiocellata;Lepidosauria
Erimystax dissimilis;Actinopteri
Erinaceus roumanicus;Mammalia
Erophylla sezekorni;Mammalia
Erythrogenys gravivox;Aves
Erythropitta erythrogaster;Aves
Esox cisalpinus;Actinopteri
Esox flaviae;Actinopteri
Etelis coruscans;Actinopteri
Etelis marshi;Actinopteri
Etheostoma basilare;Actinopteri
Etheostoma camurum;Actinopteri
Etheostoma chlorobranchium;Actinopteri
Etheostoma cinereum;Actinopteri
Etheostoma cumberlandicum;Actinopteri
Etheostoma derivativum;Actinopteri
Etheostoma forbesi;Actinopteri
Etheostoma jessiae;Actinopteri
Etheostoma lepidum;Actinopteri
Etheostoma lynceum;Actinopteri
Etheostoma microlepidum;Actinopteri
Etheostoma newmanii;Actinopteri
Etheostoma obeyense;Actinopteri
Etheostoma okaloosae;Actinopteri
Etheostoma oophylax;Actinopteri
Etheostoma parvipinne;Actinopteri
Etheostoma perlongum;Actinopteri
Etheostoma pholidotum;Actinopteri
Etheostoma planasaxatile;Actinopteri
Etheostoma raneyi;Actinopteri
Etheostoma sanguifluum;Actinopteri
Etheostoma simoterum;Actinopteri
Etheostoma stigmaeum;Actinopteri
Etheostoma tallapoosae;Actinopteri
Etheostoma tippecanoe;Actinopteri
Etheostoma vulneratum;Actinopteri
Etroplus suratensis;Actinopteri
Etrumeus jacksoniensis;Actinopteri
Etrumeus wongratanai;Actinopteri
Eucometis penicillata;Aves
Eumicrotremus asperrimus;Actinopteri
Eumicrotremus phrynoides;Actinopteri
Eumops glaucinus;Mammalia
Eumyias albicaudatus;Aves
Euneomys chinchilloides;Mammalia
Euproctus montanus;Amphibia
Eupsittula canicularis;Aves
Eupsophus roseus;Amphibia
Eurillas latirostris;Aves
Euroscaptor longirostris;Mammalia
Euroscaptor parvidens;Mammalia
Euroscaptor subanura;Mammalia
Eurycea braggi;Amphibia
Eurycea guttolineata;Amphibia
Eurycea longicauda;Amphibia
Eurycea nerea;Amphibia
Euryoryzomys macconnelli;Mammalia
Euryoryzomys nitidus;Mammalia
Falco hypoleucos;Aves
Fejervarya limnocharis;Amphibia
Ficedula nigrorufa;Aves
Foetorepus calauropomus;Actinopteri
Formosania lacustris;Actinopteri
Fowlea piscator;Lepidosauria
Fukomys damarensis;Mammalia
Fundulus diaphanus;Actinopteri
Fundulus grandis;Actinopteri
Gaidropsarus mediterraneus;Actinopteri
Galaxias cobitinis;Actinopteri
Galaxias depressiceps;Actinopteri
Galaxias divergens;Actinopteri
Galaxias olidus;Actinopteri
Galaxias paucispondylus;Actinopteri
Galaxias prognathus;Actinopteri
Galaxias pullus;Actinopteri
Galaxias vulgaris;Actinopteri
Galaxias zebratus;Actinopteri
Galaxiella munda;Actinopteri
Galaxiella pusilla;Actinopteri
Galaxiella toourtkoourt;Actinopteri
Galbula cyanicollis;Aves
Galbula leucogastra;Aves
Galegeeska rufescens;Mammalia
Galerella nigrata;Mammalia
Gallotia atlantica;Lepidosauria
Gallotia caesaris;Lepidosauria
Gambusia geiseri;Actinopteri
Gambusia sexradiata;Actinopteri
Garra cambodgiensis;Actinopteri
Garra dembeensis;Actinopteri
Garra dengba;Actinopteri
Garra gymnothorax;Actinopteri
Garra mullya;Actinopteri
Garra rufa;Actinopteri
Garra typhlops;Actinopteri
Garrulax pectoralis;Aves
Garrulax taewanus;Aves
Geoemyda spengleri;
Geomys breviceps;Mammalia
Geomys pinetis;Mammalia
Geomys texensis;Mammalia
Gephyromantis boulengeri;Amphibia
Gephyromantis decaryi;Amphibia
Gephyromantis enki;Amphibia
Gephyromantis redimitus;Amphibia
Gephyromantis sculpturatus;Amphibia
Gerbilliscus brantsii;Mammalia
Gerbilliscus gambianus;Mammalia
Gerbilliscus guineae;Mammalia
Gerbilliscus kempi;Mammalia
Gerbilliscus nigricaudus;Mammalia
Gerbilliscus robustus;Mammalia
Gerbilliscus vicinus;Mammalia
Gerbillurus paeba;Mammalia
Gerbillus latastei;Mammalia
Gerbillus nigeriae;Mammalia
Gerbillus occiduus;Mammalia
Gila cypha;Actinopteri
Gila eremica;Actinopteri
Gila pulchra;Actinopteri
Gillichthys mirabilis;Actinopteri
Gillichthys seta;Actinopteri
Giraffa giraffa;Mammalia
Giraffa tippelskirchi;Mammalia
Girardinus creolus;Actinopteri
Girardinus falcatus;Actinopteri
Girardinus microdactylus;Actinopteri
Girardinus uninotatus;Actinopteri
Glandirana rugosa;Amphibia
Glaucidium brasilianum;Aves
Glaucomastix abaetensis;Lepidosauria
Glaucomys oregonensis;Mammalia
Glauconycteris beatrix;Mammalia
Glis glis;Mammalia
Glossogobius aureus;Actinopteri
Gloydius caucasicus;Lepidosauria
Gloydius strauchi;Lepidosauria
Glyphoglossus molossus;Amphibia
Glyphoglossus yunnanensis;Amphibia
Glyptothorax dakpathari;Actinopteri
Glyptothorax laosensis;Actinopteri
Glyptothorax longinema;Actinopteri
Glyptothorax ngapang;Actinopteri
Gnatholepis thompsoni;Actinopteri
Gnathopogon caerulescens;Actinopteri
Gobiobotia filifer;Actinopteri
Gobiomorphus breviceps;Actinopteri
Gobiomorphus coxii;Actinopteri
Gobius bucchichi;Actinopteri
Gobius cruentatus;Actinopteri
Gobius geniporus;Actinopteri
Gobius incognitus;Actinopteri
Gonatodes humeralis;Lepidosauria
Goniurosaurus kuroiwae;Lepidosauria
Goodea atripinnis;Actinopteri
Gracilinanus microtarsus;Mammalia
Grallaria capitalis;Aves
Grammomys surdaster;Mammalia
Graomys chacoensis;Mammalia
Guerlinguetus aestuans;Mammalia
Guerlinguetus brasiliensis;Mammalia
Guibemantis pulcher;Amphibia
Gymnocanthus intermedius;Actinopteri
Gymnocranius elongatus;Actinopteri
Gymnocranius grandoculis;Actinopteri
Gymnocranius microdon;Actinopteri
Gymnocranius obesus;Actinopteri
Gymnocranius satoi;Actinopteri
Gymnocypris dobula;Actinopteri
Gymnodactylus amarali;Lepidosauria
Gymnogeophagus gymnogenys;Actinopteri
Gymnogeophagus labiatus;Actinopteri
Gymnogobius breunigii;Actinopteri
Gymnogobius isaza;Actinopteri
Gymnogobius opperiens;Actinopteri
Gymnogobius taranetzi;Actinopteri
Gymnogobius urotaenia;Actinopteri
Gymnorhina tibicen;Aves
Gymnothorax flavimarginatus;Actinopteri
Gymnothorax undulatus;Actinopteri
Gymnotus pantherinus;Actinopteri
Gymnura marmorata;Chondrichthyes
Gymnuromys roberti;Mammalia
Gyrinophilus gulolineatus;Amphibia
Habia fuscicauda;Aves
Habia rubica;Aves
Habromys lepturus;Mammalia
Hadrosciurus spadiceus;Mammalia
Haemodracon trachyrhinus;Lepidosauria
Halcyon senegalensis;Aves
Halicampus grayi;Actinopteri
Halichoeres garnoti;Actinopteri
Halichoeres hortulanus;Actinopteri
Halichoeres maculipinna;Actinopteri
Hampala macrolepidota;Actinopteri
Handleyomys guerrerensis;Mammalia
Handleyomys saturatior;Mammalia
Hebius pryeri;Lepidosauria
Hebius vibakari;Lepidosauria
Heimyscus fumosus;Mammalia
Hemibagrus capitulum;Actinopteri
Hemibagrus nemurus;Actinopteri
Hemibagrus spilopterus;Actinopteri
Hemichromis camerounensis;Actinopteri
Hemichromis elongatus;Actinopteri
Hemichromis fasciatus;Actinopteri
Hemiculter nikolskyi;Actinopteri
Hemidactylus almakhwah;Lepidosauria
Hemidactylus angulatus;Lepidosauria
Hemidactylus bouvieri;Lepidosauria
Hemidactylus brookii;Lepidosauria
Hemidactylus flaviviridis;Lepidosauria
Hemidactylus giganteus;Lepidosauria
Hemidactylus homoeolepis;Lepidosauria
Hemidactylus inintellectus;Lepidosauria
Hemidactylus leschenaultii;Lepidosauria
Hemidactylus mabouia;Lepidosauria
Hemidactylus montanus;Lepidosauria
Hemidactylus oxyrhinus;Lepidosauria
Hemidactylus parvimaculatus;Lepidosauria
Hemidactylus platyurus;Lepidosauria
Hemidactylus reticulatus;Lepidosauria
Hemidactylus robustus;Lepidosauria
Hemidactylus treutleri;Lepidosauria
Hemidactylus yerburii;Lepidosauria
Hemigrammocypris neglectus;Actinopteri
Hemimyzon formosanus;Actinopteri
Hemirhamphodon kuekenthali;Actinopteri
Hemirhamphodon pogonognathus;Actinopteri
Hemitripterus villosus;Actinopteri
Hemorrhois hippocrepis;Lepidosauria
Hephaestus jenkinsi;Actinopteri
Heremites auratus;Lepidosauria
Heremites septemtaeniatus;Lepidosauria
Herichthys bartoni;Actinopteri
Herichthys carpintis;Actinopteri
Herichthys labridens;Actinopteri
Herichthys pantostictus;Actinopteri
Herichthys tamasopoensis;Actinopteri
Heterixalus alboguttatus;Amphibia
Heterixalus betsileo;Amphibia
Heterixalus madagascariensis;Amphibia
Heterobranchus bidorsalis;Actinopteri
Heteromys irroratus;Mammalia
Heteromys nelsoni;Mammalia
Heteromys pictus;Mammalia
Hexagrammos agrammus;Actinopteri
Hexagrammos octogrammus;Actinopteri
Hierophis viridiflavus;Lepidosauria
Hippocampus barbouri;Actinopteri
Hippocampus fuscus;Actinopteri
Hippocampus hippocampus;Actinopteri
Hippocampus mohnikei;Actinopteri
Hipposideros ater;Mammalia
Hipposideros cervinus;Mammalia
Hipposideros cineraceus;Mammalia
Hipposideros obscurus;Mammalia
Hipposideros ridleyi;Mammalia
Holbrookia lacerata;Lepidosauria
Holochilus vulpinus;Mammalia
Homatula anguillioides;Actinopteri
Homonota uruguayensis;Lepidosauria
Hoolock hoolock;Mammalia
Hoolock leuconedys;Mammalia
Hoplias malabaricus;Actinopteri
Horornis fortipes;Aves
Hsunycteris thomasi;Mammalia
Hybomys lunaris;Mammalia
Hybopsis amblops;Actinopteri
Hydromantes samweli;Amphibia
Hydromantes shastae;Amphibia
Hydrophis coggeri;Lepidosauria
Hydrophis curtus;Lepidosauria
Hydrophis melanocephalus;Lepidosauria
Hydrophis ornatus;Lepidosauria
Hydrophis peronii;Lepidosauria
Hydrophis platurus;Lepidosauria
Hyla carthaginiensis;Amphibia
Hyla intermedia;Amphibia
Hyla molleri;Amphibia
Hyla orientalis;Amphibia
Hyla sarda;Amphibia
Hyla savignyi;Amphibia
Hyla tsinlingensis;Amphibia
Hylaeamys perenensis;Mammalia
Hylaeamys yunganus;Mammalia
Hylarana erythraea;Amphibia
Hylarana latouchii;Amphibia
Hylexetastes perrotii;Aves
Hylomyscus aeta;Mammalia
Hylomyscus alleni;Mammalia
Hylomyscus anselli;Mammalia
Hylomyscus arcimontensis;Mammalia
Hylomyscus denniae;Mammalia
Hylomyscus endorobae;Mammalia
Hylomyscus kaimosae;Mammalia
Hylomyscus pamfi;Mammalia
Hylomyscus parvus;Mammalia
Hylomyscus simus;Mammalia
Hylomyscus stella;Mammalia
Hylophylax naevius;Aves
Hynobius akiensis;Amphibia
Hynobius dunni;Amphibia
Hynobius hirosei;Amphibia
Hynobius iwami;Amphibia
Hynobius kimurae;Amphibia
Hynobius nagatoensis;Amphibia
Hynobius nigrescens;Amphibia
Hynobius quelpaertensis;Amphibia
Hynobius setoi;Amphibia
Hynobius setouchi;Amphibia
Hynobius stejnegeri;Amphibia
Hynobius tsuensis;Amphibia
Hynobius utsunomiyaorum;Amphibia
Hynobius vandenburghi;Amphibia
Hynobius yangi;Amphibia
Hyperolius castaneus;Amphibia
Hyperolius cinnamomeoventris;Amphibia
Hyperolius constellatus;Amphibia
Hyperolius molleri;Amphibia
Hyperolius ocellatus;Amphibia
Hyperolius olivaceus;Amphibia
Hyperolius tuberculatus;Amphibia
Hypocnemis cantator;Aves
Hypogeophis rostratus;Amphibia
Hypomesus nipponensis;Actinopteri
Hypoplectrus aberrans;Actinopteri
Hypoplectrus chlorurus;Actinopteri
Hypselobarbus mussullah;Actinopteri
Hypsipetes leucocephalus;Aves
Hypsiscopus plumbea;Lepidosauria
Hypsophrys nematopus;Actinopteri
Hypsugo savii;Mammalia
Iberochondrostoma almacai;Actinopteri
Iberochondrostoma lemmingii;Actinopteri
Iberochondrostoma lusitanicum;Actinopteri
Iberolacerta horvathi;Lepidosauria
Iberolacerta monticola;Lepidosauria
Ichthyophis glutinosus;Amphibia
Ictalurus balsanus;Actinopteri
Ictalurus dugesii;Actinopteri
Icterus pustulatus;Aves
Iksookimia koreensis;Actinopteri
Iksookimia longicorpa;Actinopteri
Iksookimia pacifica;Actinopteri
Illadopsis rufipennis;Aves
Ilyodon furcidens;Actinopteri
Ilyodon whitei;Actinopteri
Incilius nebulifer;Amphibia
Indosylvirana temporalis;Amphibia
Indotyphlops braminus;Lepidosauria
Iotichthys phlegethontis;Actinopteri
Irena puella;Aves
Ischnocnema henselii;Amphibia
Isothrix bistriata;Mammalia
Ivindomyrus marchei;Actinopteri
Ivindomyrus opdenboschi;Actinopteri
Ixos mcclellandii;Aves
Jaculus blanfordi;Mammalia
Juliomys ossitenuis;Mammalia
Juliomys pictipes;Mammalia
Kerivoula furva;Mammalia
Kerivoula hardwickii;Mammalia
Kerivoula papillosa;Mammalia
Kerivoula pellucida;Mammalia
Kerivoula titania;Mammalia
Kerivoula whiteheadi;Mammalia
Kichulchoia brevifasciata;Actinopteri
Kichulchoia multifasciata;Actinopteri
Kinixys homeana;
Knipowitschia caucasica;Actinopteri
Knipowitschia goerneri;Actinopteri
Kogia sima;Mammalia
Kronichthys lacerta;Actinopteri
Kyphosus bigibbus;Actinopteri
Kyphosus cornelii;Actinopteri
Kyphosus gladius;Actinopteri
Kyphosus pacificus;Actinopteri
Kyphosus sydneyanus;Actinopteri
Kyphosus vaigiensis;Actinopteri
Labeo capensis;Actinopteri
Labeo forskalii;Actinopteri
Labeo umbratus;Actinopteri
Labeobarbus bynni;Actinopteri
Labeobarbus gananensis;Actinopteri
Labeobarbus jubae;Actinopteri
Labeobarbus natalensis;Actinopteri
Lacerta agilis;Lepidosauria
Lacerta media;Lepidosauria
Lacerta schreiberi;Lepidosauria
Lacerta strigata;Lepidosauria
Laephotis botswanae;Mammalia
Laephotis capensis;Mammalia
Laephotis matroka;Mammalia
Lagenorhynchus obscurus;Mammalia
Lagocephalus guentheri;Actinopteri
Lagocephalus sceleratus;Actinopteri
Lagodon rhomboides;Actinopteri
Lampropeltis abnorma;Lepidosauria
Lampropeltis elapsoides;Lepidosauria
Lampropeltis gentilis;Lepidosauria
Lampropeltis polyzona;Lepidosauria
Larvivora akahige;Aves
Lasiopodomys gregalis;Mammalia
Laticauda semifasciata;Lepidosauria
Laubuka lankensis;Actinopteri
Laubuka varuna;Actinopteri
Lefua nikkonis;Actinopteri
Leiolepis ocellata;Lepidosauria
Leiopotherapon unicolor;Actinopteri
Leiosaurus bellii;Lepidosauria
Lemmus sibiricus;Mammalia
Lemmus trimucronatus;Mammalia
Lemniscomys linulus;Mammalia
Lemniscomys rosalia;Mammalia
Lemniscomys zebra;Mammalia
Lentipes armatus;Actinopteri
Lentipes concolor;Actinopteri
Lentipes palawanirufus;Actinopteri
Leontocebus fuscicollis;Mammalia
Leopoldamys sabanus;Mammalia
Lepidocephalichthys hasselti;Actinopteri
Lepidocolaptes affinis;Aves
Lepidomeda aliciae;Actinopteri
Lepidophyma smithii;Lepidosauria
Lepidothrix coronata;Aves
Lepidothrix iris;Aves
Lepidothrix nattereri;Aves
Leporinus piau;Actinopteri
Leptatherina presbyteroides;Actinopteri
Leptatherina wallacei;Actinopteri
Leptobotia guilinensis;Actinopteri
Leptobotia microphthalma;Actinopteri
Leptobotia tchangi;Actinopteri
Leptobotia zebra;Actinopteri
Leptodactylus albilabris;Amphibia
Leptodeira ornata;Lepidosauria
Leptomantis bimaculatus;Amphibia
Leptonycteris yerbabuenae;Mammalia
Leptopelis gramineus;Amphibia
Leptophis ahaetulla;Lepidosauria
Leptotyphlops sylvicolus;Lepidosauria
Lepus granatensis;Mammalia
Lepus tibetanus;Mammalia
Lerista bougainvillii;Lepidosauria
Lethotremus muticus;Actinopteri
Leuconotopicus albolarvatus;Aves
Leucos basak;Actinopteri
Limanda limanda;Actinopteri
Limnonectes fujianensis;Amphibia
Linaria flavirostris;Aves
Lindbergichthys nudifrons;Actinopteri
Liobagrus aequilabris;Actinopteri
Liobagrus reinii;Actinopteri
Liolaemus antumalguen;Lepidosauria
Liolaemus baguali;Lepidosauria
Liolaemus bibronii;Lepidosauria
Liolaemus boulengeri;Lepidosauria
Liolaemus buergeri;Lepidosauria
Liolaemus carlosgarini;Lepidosauria
Liolaemus chillanensis;Lepidosauria
Liolaemus crandalli;Lepidosauria
Liolaemus cuyanus;Lepidosauria
Liolaemus darwinii;Lepidosauria
Liolaemus fitzingerii;Lepidosauria
Liolaemus grosseorum;Lepidosauria
Liolaemus hatcheri;Lepidosauria
Liolaemus koslowskyi;Lepidosauria
Liolaemus kriegi;Lepidosauria
Liolaemus laurenti;Lepidosauria
Liolaemus lemniscatus;Lepidosauria
Liolaemus lineomaculatus;Lepidosauria
Liolaemus lutzae;Lepidosauria
Liolaemus melanops;Lepidosauria
Liolaemus monticola;Lepidosauria
Liolaemus nitidus;Lepidosauria
Liolaemus occipitalis;Lepidosauria
Liolaemus petrophilus;Lepidosauria
Liolaemus pictus;Lepidosauria
Liolaemus rothi;Lepidosauria
Liolaemus sarmientoi;Lepidosauria
Liolaemus signifer;Lepidosauria
Liolaemus silvanae;Lepidosauria
Liolaemus smaug;Lepidosauria
Liolaemus somuncurae;Lepidosauria
Liolaemus tenuis;Lepidosauria
Liolaemus wiegmannii;Lepidosauria
Liopsetta glacialis;Actinopteri
Lithobates okaloosae;Amphibia
Liua shihi;Amphibia
Locustella castanea;Aves
Locustella mandelli;Aves
Locustella pleskei;Aves
Locustella pryeri;Aves
Lonchura castaneothorax;Aves
Lontra felina;Mammalia
Lophorina superba;Aves
Lophuromys brunneus;Mammalia
Lophuromys chrysopus;Mammalia
Lophuromys dudui;Mammalia
Lophuromys flavopunctatus;Mammalia
Lophuromys kilonzoi;Mammalia
Lophuromys machangui;Mammalia
Lophuromys melanonyx;Mammalia
Lophuromys sabuni;Mammalia
Lophuromys sikapusi;Mammalia
Lophuromys simensis;Mammalia
Lophuromys stanleyi;Mammalia
Lophuromys woosnami;Mammalia
Lophuromys zena;Mammalia
Loxigilla noctis;Aves
Loxodontomys micropus;Mammalia
Luciobarbus bocagei;Actinopteri
Luciobarbus chelifensis;Actinopteri
Luciobarbus comizo;Actinopteri
Luciobarbus guercifensis;Actinopteri
Luciobarbus maghrebensis;Actinopteri
Luciobarbus magniatlantis;Actinopteri
Luciobarbus mascarensis;Actinopteri
Luciobarbus nasus;Actinopteri
Luciobarbus numidiensis;Actinopteri
Luciobarbus pallaryi;Actinopteri
Luciobarbus rifensis;Actinopteri
Luciobarbus yahyaouii;Actinopteri
Luciogobius elongatus;Actinopteri
Luciogobius grandis;Actinopteri
Luciogobius parvulus;Actinopteri
Lumpenus fabricii;Actinopteri
Lumpenus lampretaeformis;Actinopteri
Lumpenus sagitta;Actinopteri
Luscinia brunnea;Aves
Lutjanus fulvus;Actinopteri
Lycodes nakamurae;Actinopteri
Lycodes ocellatus;Actinopteri
Lycodes teraoi;Actinopteri
Lycodes yamatoi;Actinopteri
Lycodon capucinus;Lepidosauria
Lycodon futsingensis;Lepidosauria
Lygodactylus mirabilis;Lepidosauria
Lyncornis macrotis;Aves
Macrelaps microlepidotus;Lepidosauria
Macroglossus minimus;Mammalia
Macroglossus sobrinus;Mammalia
Macrognathus maculatus;Actinopteri
Macrognathus siamensis;Actinopteri
Macronycteris commersoni;Mammalia
Macronycteris gigas;Mammalia
Macronycteris vittata;Mammalia
Macropodus ocellatus;Actinopteri
Macroprotodon brevis;Lepidosauria
Macroramphosus scolopax;Actinopteri
Macroscelides flavicaudatus;Mammalia
Madagascarophis colubrinus;Lepidosauria
Madatyphlops arenarius;Lepidosauria
Makalata macrura;Mammalia
Malacoctenus triangulatus;Actinopteri
Malacomys cansdalei;Mammalia
Malacomys edwardsi;Mammalia
Malacoptila fusca;Aves
Malacoptila semicincta;Aves
Malayemys macrocephala;
Malayopython reticulatus;Lepidosauria
Malpolon monspessulanus;Lepidosauria
Manis javanica;Mammalia
Mannophryne trinitatis;Amphibia
Mantella bernhardi;Amphibia
Mantella betsileo;Amphibia
Mantella cowani;Amphibia
Mantella milotympanum;Amphibia
Mantella nigricans;Amphibia
Mantella viridis;Amphibia
Mantidactylus betsileanus;Amphibia
Mantidactylus melanopleura;Amphibia
Marcusenius altisambesi;Actinopteri
Marcusenius macrolepidotus;Actinopteri
Marcusenius pongolensis;Actinopteri
Marcusenius wamuinii;Actinopteri
Marisora aquilonaria;Lepidosauria
Marisora unimarginata;Lepidosauria
Marmosa constantiae;Mammalia
Marmosa paraguayana;Mammalia
Marmosa rapposa;Mammalia
Marmosops marina;Mammalia
Marmosops ocellatus;Mammalia
Marmosops parvidens;Mammalia
Marmota broweri;Mammalia
Mastacembelus brachyrhinus;Actinopteri
Mastacembelus crassus;Actinopteri
Mastacembelus frenatus;Actinopteri
Mastacembelus niger;Actinopteri
Mastacembelus simbi;Actinopteri
Masticophis taeniatus;Lepidosauria
Mastomys angolensis;Mammalia
Mastomys awashensis;Mammalia
Mastomys coucha;Mammalia
Mastomys kollmannspergeri;Mammalia
Mauremys sinensis;
Maxomys hylomyoides;Mammalia
Maxomys musschenbroekii;Mammalia
Maxomys rajah;Mammalia
Maxomys whiteheadi;Mammalia
Mayaheros urophthalmus;Actinopteri
Mazama bororo;Mammalia
Mazama nemorivaga;Mammalia
Mazama temama;Mammalia
Megadontomys thomasi;Mammalia
Megalaima haemacephala;Aves
Megaleporinus reinhardti;Actinopteri
Megalobrama hoffmanni;Actinopteri
Megalocottus platycephalus;Actinopteri
Megapodius reinwardt;Aves
Megascops usta;Aves
Megascops watsonii;Aves
Melanomys caliginosus;Mammalia
Melanophryniscus alipioi;Amphibia
Melanophryniscus rubriventris;Amphibia
Melanotaenia duboulayi;Actinopteri
Meles leucurus;Mammalia
Melonycteris fardoulisi;Mammalia
Menidia audens;Actinopteri
Menura novaehollandiae;Aves
Meristogenys dyscritus;Amphibia
Merluccius hubbsi;Actinopteri
Mesalina bahaeldini;Lepidosauria
Mesalina brevirostris;Lepidosauria
Mesalina pasteuri;Lepidosauria
Mesalina rubropunctata;Lepidosauria
Mesalina simoni;Lepidosauria
Mesalina watsonana;Lepidosauria
Mesoclemmys dahli;
Mesoheros atromaculatus;Actinopteri
Mesoheros festae;Actinopteri
Mesomys hispidus;Mammalia
Mesoplodon grayi;Mammalia
Micrelaps muelleri;Lepidosauria
Microbatrachella capensis;Amphibia
Microdipodops pallidus;Mammalia
Microgecko helenae;Lepidosauria
Microhyla fissipes;Amphibia
Microhyla mixtura;Amphibia
Microhyla mymensinghensis;Amphibia
Microlophus delanonis;Lepidosauria
Microlophus grayii;Lepidosauria
Microlophus indefatigabilis;Lepidosauria
Microlophus jacobii;Lepidosauria
Micromesistius australis;Actinopteri
Micromys erythrotis;Mammalia
Micronycteris hirsuta;Mammalia
Micronycteris minuta;Mammalia
Microphysogobio chenhsienensis;Actinopteri
Microsciurus flaviventer;Mammalia
Microtus cabrerae;Mammalia
Microtus daghestanicus;Mammalia
Microtus fortis;Mammalia
Microtus ilaeus;Mammalia
Microtus irani;Mammalia
Microtus majori;Mammalia
Microtus maximowiczii;Mammalia
Microtus montanus;Mammalia
Microtus rossiaemeridionalis;Mammalia
Microtus savii;Mammalia
Microtus socialis;Mammalia
Microtus tatricus;Mammalia
Microtus thomasi;Mammalia
Micrurus browni;Lepidosauria
Micrurus diastema;Lepidosauria
Mimagoniates microlepis;Actinopteri
Mimus parvulus;Aves
Miniopterus aelleni;Mammalia
Miniopterus fraterculus;Mammalia
Miniopterus fuliginosus;Mammalia
Miniopterus gleni;Mammalia
Miniopterus griveaudi;Mammalia
Miniopterus mahafaliensis;Mammalia
Miniopterus natalensis;Mammalia
Miniopterus sororculus;Mammalia
Mirza coquereli;Mammalia
Misgurnus mizolepis;Actinopteri
Misgurnus mohoity;Actinopteri
Mogera insularis;Mammalia
Molossus molossus;Mammalia
Molossus rufus;Mammalia
Monodelphis dimidiata;Mammalia
Monodelphis kunsi;Mammalia
Monodelphis peruviana;Mammalia
Monodelphis scalops;Mammalia
Monotaxis grandoculis;Actinopteri
Montecincla fairbanki;Aves
Montifringilla nivalis;Aves
Montivipera albicornuta;Lepidosauria
Montivipera raddei;Lepidosauria
Mops condylurus;Mammalia
Mops pumilus;Mammalia
Mugil incilis;Actinopteri
Mugil liza;Actinopteri
Mugil platanus;Actinopteri
Mullus barbatus;Actinopteri
Murina gracilis;Mammalia
Murina hilgendorfi;Mammalia
Murina puta;Mammalia
Murina recondita;Mammalia
Mus booduga;Mammalia
Mus indutus;Mammalia
Mus mahomet;Mammalia
Mus nitidulus;Mammalia
Mus triton;Mammalia
Mustela richardsonii;Mammalia
Mustelus schmitti;Chondrichthyes
Mycteroperca rosacea;Actinopteri
Myiothlypis coronata;Aves
Myodes andersoni;Mammalia
Myodes regulus;Mammalia
Myodes rex;Mammalia
Myodes smithii;Mammalia
Myonycteris leptodon;Mammalia
Myotis adversus;Mammalia
Myotis bechsteinii;Mammalia
Myotis bocagii;Mammalia
Myotis californicus;Mammalia
Myotis capaccinii;Mammalia
Myotis ciliolabrum;Mammalia
Myotis escalerai;Mammalia
Myotis fimbriatus;Mammalia
Myotis flavus;Mammalia
Myotis goudoti;Mammalia
Myotis gracilis;Mammalia
Myotis laniger;Mammalia
Myotis martiniquensis;Mammalia
Myotis oxygnathus;Mammalia
Myotis ricketti;Mammalia
Myotis riparius;Mammalia
Myotis secundus;Mammalia
Myotis tricolor;Mammalia
Myotomys unisulcatus;Mammalia
Myoxocephalus jaok;Actinopteri
Myoxocephalus scorpius;Actinopteri
Myoxocephalus stelleri;Actinopteri
Myripristis jacobus;Actinopteri
Myrmotherula axillaris;Aves
Mystus cavasius;Actinopteri
Mystus gulio;Actinopteri
Myzopoda aurita;Mammalia
Naja subfulva;Lepidosauria
Nanorana pleskei;Amphibia
Natalus stramineus;Mammalia
Natrix helvetica;Lepidosauria
Neacomys amoenus;Mammalia
Neacomys paracou;Mammalia
Neacomys vossi;Mammalia
Necromys lactens;Mammalia
Necromys lasiurus;Mammalia
Necromys lenguarum;Mammalia
Nectomys squamipes;Mammalia
Nelsonia goldmani;Mammalia
Nemacheilus masyai;Actinopteri
Nemacheilus pfeifferae;Actinopteri
Nematocharax venustus;Actinopteri
Nematolebias whitei;Actinopteri
Nemipterus bathybius;Actinopteri
Neochanna burrowsius;Actinopteri
Neodon clarkei;Mammalia
Neodon fuscus;Mammalia
Neodon sikimensis;Mammalia
Neoniphon sammara;Actinopteri
Neopelma chrysocephalum;Aves
Neoromicia somalicus;Mammalia
Neoromicia zuluensis;Mammalia
Neosalanx jordani;Actinopteri
Neotoma bryanti;Mammalia
Neotoma devia;Mammalia
Neotoma fuscipes;Mammalia
Neotoma leucodon;Mammalia
Neotoma macrotis;Mammalia
Neotoma magister;Mammalia
Nephelomys albigularis;Mammalia
Nephelomys devius;Mammalia
Nerodia clarkii;Lepidosauria
Nerophis lumbriciformis;Actinopteri
Newtonia amphichroa;Aves
Newtonia archboldi;Aves
Newtonia brunneicauda;Aves
Nidirana pleuraden;Amphibia
Nilssonia gangetica;
Nilssonia hurum;
Ninox scutulata;Aves
Nipponocypris sieboldii;Actinopteri
Niviventer eha;Mammalia
Niviventer hinpoon;Mammalia
Niviventer huang;Mammalia
Niviventer mekongis;Mammalia
Niviventer niviventer;Mammalia
Niviventer sacer;Mammalia
Niviventer tenaster;Mammalia
Nocomis asper;Actinopteri
Nocomis effusus;Actinopteri
Nomascus concolor;Mammalia
Notiosorex crawfordi;Mammalia
Notropis amabilis;Actinopteri
Notropis calientis;Actinopteri
Notropis longirostris;Actinopteri
Notropis lutipinnis;Actinopteri
Notropis micropteryx;Actinopteri
Notropis moralesi;Actinopteri
Notropis percobromus;Actinopteri
Notropis wickliffi;Actinopteri
Noturus maydeni;Actinopteri
Nuchequula mannusella;Actinopteri
Nycteris grandis;Mammalia
Nycticeinops grandidieri;Mammalia
Nyctimene albiventer;Mammalia
Nyctimene robinsoni;Mammalia
Ochetobius elongatus;Actinopteri
Ochotona cansus;Mammalia
Ochotona dauurica;Mammalia
Ochotona forresti;Mammalia
Ochotona gloveri;Mammalia
Ochotona huangensis;Mammalia
Ochotona macrotis;Mammalia
Ochotona nubrica;Mammalia
Ochotona roylei;Mammalia
Octodon lunatus;Mammalia
Odontesthes argentinensis;Actinopteri
Odontesthes brevianalis;Actinopteri
Odontesthes mauleanum;Actinopteri
Odontesthes regia;Actinopteri
Odontesthes smitti;Actinopteri
Odontobatrachus natator;Amphibia
Odorrana tormota;Amphibia
Oecomys bicolor;Mammalia
Oecomys cleberi;Mammalia
Oecomys tapajinus;Mammalia
Oligoryzomys costaricensis;Mammalia
Oligoryzomys destructor;Mammalia
Oligoryzomys fornesi;Mammalia
Oligoryzomys microtis;Mammalia
Oligoryzomys moojeni;Mammalia
Oligoryzomys utiaritensis;Mammalia
Oligosoma chloronoton;Lepidosauria
Oligosoma infrapunctatum;Lepidosauria
Oligosoma lineoocellatum;Lepidosauria
Oligosoma townsi;Lepidosauria
Ommatotriton nesterovi;Amphibia
Ommatotriton ophryticus;Amphibia
Ommatotriton vittatus;Amphibia
Ompok bimaculatus;Actinopteri
Onychodactylus fuscus;Amphibia
Onychodactylus intermedius;Amphibia
Onychostoma barbatulum;Actinopteri
Onychostoma lepturum;Actinopteri
Onychostruthus taczanowskii;Aves
Oophaga granulifera;Amphibia
Ophisops elegans;Lepidosauria
Ophisops leschenaultii;Lepidosauria
Ophisternon aenigmaticum;Actinopteri
Oplegnathus fasciatus;Actinopteri
Opsariichthys acutipinnis;Actinopteri
Opsariichthys macrolepis;Actinopteri
Opsariichthys minutus;Actinopteri
Opsariichthys pachycephalus;Actinopteri
Oreobates barituensis;Amphibia
Oreocryptophis porphyraceus;Lepidosauria
Orestias luteus;Actinopteri
Orientallactaga sibirica;Mammalia
Oryzias mekongensis;Actinopteri
Oryzias nigrimas;Actinopteri
Oryzias orthognathus;Actinopteri
Oryzias soerotoi;Actinopteri
Oryzomys mexicanus;Mammalia
Osteochilus melanopleurus;Actinopteri
Ostorhinchus apogonoides;Actinopteri
Ostorhinchus luteus;Actinopteri
Otaria byronia;Mammalia
Otomops harrisoni;Mammalia
Otomops madagascariensis;Mammalia
Otomops martiensseni;Mammalia
Otomys denti;Mammalia
Otomys occidentalis;Mammalia
Otomys tropicalis;Mammalia
Otomys typus;Mammalia
Otopteropus cartilagonodus;Mammalia
Otus megalotis;Aves
Otus semitorques;Aves
Ovis nivicola;Mammalia
Ovophis makazayazaya;Lepidosauria
Ovophis monticola;Lepidosauria
Oxybelis fulgidus;Lepidosauria
Oxyeleotris marmorata;Actinopteri
Oxymycterus dasytrichus;Mammalia
Oxymycterus nasutus;Mammalia
Oxymycterus rufus;Mammalia
Oxynoemacheilus bureschi;Actinopteri
Pachydactylus montanus;Lepidosauria
Pachyornis geranoides;Aves
Pachyptila belcheri;Aves
Pachyptila desolata;Aves
Pachyptila turtur;Aves
Pachyptila vittata;Aves
Pachytriton inexpectatus;Amphibia
Pagellus erythrinus;Actinopteri
Pampus candidus;Actinopteri
Pampus cinereus;Actinopteri
Pampus liuorum;Actinopteri
Pampus minor;Actinopteri
Pangshura smithii;
Pangshura tecta;
Pangshura tentoria;
Panthera spelaea;Mammalia
Pantherophis emoryi;Lepidosauria
Pantherophis vulpinus;Lepidosauria
Pappogeomys bulleri;Mammalia
Parabotia curtus;Actinopteri
Paracanthocobitis mooreh;Actinopteri
Paracanthocobitis zonalternans;Actinopteri
Parachromis dovii;Actinopteri
Paracirrhites forsteri;Actinopteri
Paradisaea raggiana;Aves
Paramesotriton labiatus;Amphibia
Paramesotriton longliensis;Amphibia
Paraplagusia japonica;Actinopteri
Paratelmatobius cardosoi;Amphibia
Paratelmatobius poecilogaster;Amphibia
Paratriaenops auritus;Mammalia
Paratriaenops furculus;Mammalia
Pareas atayal;Lepidosauria
Pareas boulengeri;Lepidosauria
Pareas carinatus;Lepidosauria
Pareas formosensis;Lepidosauria
Pareas hamptoni;Lepidosauria
Pareas margaritophorus;Lepidosauria
Pareiorhaphis garbei;Actinopteri
Pareiorhaphis hystrix;Actinopteri
Paroaria gularis;Aves
Parotomys littledalei;Mammalia
Passerina leclancherii;Aves
Paynomys macronyx;Mammalia
Pedioplanis branchi;Lepidosauria
Pedioplanis breviceps;Lepidosauria
Pedioplanis gaerdesi;Lepidosauria
Pedioplanis inornata;Lepidosauria
Pedioplanis lineoocellata;Lepidosauria
Pedioplanis mayeri;Lepidosauria
Pedioplanis undata;Lepidosauria
Pelasgus epiroticus;Actinopteri
Pelasgus marathonicus;Actinopteri
Pelasgus stymphalicus;Actinopteri
Pelasgus thesproticus;Actinopteri
Pelecanoides garnotii;Aves
Pelecanoides urinatrix;Aves
Pellorneum malaccense;Aves
Pellorneum ruficeps;Aves
Pellorneum tickelli;Aves
Pelobates balcanicus;Amphibia
Pelobates cultripes;Amphibia
Pelodytes ibericus;Amphibia
Pelodytes punctatus;Amphibia
Pelomedusa galeata;
Pelophylax bedriagae;Amphibia
Pelophylax bergeri;Amphibia
Pelophylax chosenicus;Amphibia
Pelophylax fukienensis;Amphibia
Pelophylax hubeiensis;Amphibia
Pelophylax saharicus;Amphibia
Peltophryne guentheri;Amphibia
Pelusios carinatus;
Pelusios castanoides;
Pelusios gabonensis;
Pelusios nanus;
Pelusios rhodesianus;
Pelvicachromis kribensis;Actinopteri
Pennahia argentata;Actinopteri
Pennahia ovata;Actinopteri
Penthetor lucasi;Mammalia
Percina aurolineata;Actinopteri
Percina bimaculata;Actinopteri
Percina nasuta;Actinopteri
Percina nigrofasciata;Actinopteri
Percina westfalli;Actinopteri
Pernis ptilorhynchus;Aves
Peromyscus attwateri;Mammalia
Peromyscus beatae;Mammalia
Peromyscus boylii;Mammalia
Peromyscus carletoni;Mammalia
Peromyscus grandis;Mammalia
Peromyscus gratus;Mammalia
Peromyscus hylocetes;Mammalia
Peromyscus levipes;Mammalia
Peromyscus schmidlyi;Mammalia
Peromyscus zarhynchus;Mammalia
Petaurista elegans;Mammalia
Pethia conchonius;Actinopteri
Pethia cumingii;Actinopteri
Pethia nigrofasciata;Actinopteri
Pethia reval;Actinopteri
Pethia sanjaymoluri;Actinopteri
Petrocephalus sauvagii;Actinopteri
Petrocephalus sullivani;Actinopteri
Petroleuciscus borysthenicus;Actinopteri
Petroleuciscus smyrnaeus;Actinopteri
Peucaea botterii;Aves
Phaethornis bourcieri;Aves
Phallichthys amates;Actinopteri
Phalloceros leptokeras;Actinopteri
Phallusia nigra;Ascidiacea
Phallusia philippinensis;Ascidiacea
Phelsuma ornata;Lepidosauria
Philander canus;Mammalia
Philander frenatus;Mammalia
Philander pallidus;Mammalia
Philothamnus natalensis;Lepidosauria
Philypnodon macrostomus;Actinopteri
Phlegopsis nigromaculata;Aves
Phoebetria palpebrata;Aves
Phoenicircus nigricollis;Aves
Phoxinus bigerri;Actinopteri
Phoxinus marsilii;Actinopteri
Phoxinus septimaniae;Actinopteri
Phrynocephalus forsythii;Lepidosauria
Phyllodactylus lanei;Lepidosauria
Phyllodactylus tuberculosus;Lepidosauria
Phylloscartes ventralis;Aves
Phylloscopus canariensis;Aves
Phylloscopus claudiae;Aves
Phylloscopus coronatus;Aves
Phylloscopus davisoni;Aves
Phylloscopus examinandus;Aves
Phylloscopus fuscatus;Aves
Phylloscopus goodsoni;Aves
Phylloscopus inornatus;Aves
Phylloscopus occisinensis;Aves
Phylloscopus omeiensis;Aves
Phylloscopus poliogenys;Aves
Phylloscopus pulcher;Aves
Phylloscopus sindianus;Aves
Phylloscopus trochiloides;Aves
Phylloscopus valentini;Aves
Phylloscopus xanthodryas;Aves
Phyllotis osilae;Mammalia
Phyllotis rupestris;Mammalia
Phyllotis vaccarum;Mammalia
Phytotoma rutila;Aves
Piabina argentea;Actinopteri
Pimelodus albicans;Actinopteri
Pimephales vigilax;Actinopteri
Pipistrellus javanicus;Mammalia
Pipistrellus maderensis;Mammalia
Pipistrellus raceyi;Mammalia
Piranga flava;Aves
Pithecopus ayeaye;Amphibia
Pithecopus megacephalus;Amphibia
Pithecopus oreades;Amphibia
Pithecopus rohdei;Amphibia
Planiliza macrolepis;Actinopteri
Planiliza subviridis;Actinopteri
Platyceps collaris;Lepidosauria
Platyceps saharicus;Lepidosauria
Platyrrhinus helleri;Mammalia
Plecotus balensis;Mammalia
Plecotus ognevi;Mammalia
Plectroglyphidodon sagmarius;Actinopteri
Plecturocebus moloch;Mammalia
Plestiodon egregius;Lepidosauria
Plestiodon fasciatus;Lepidosauria
Plestiodon finitimus;Lepidosauria
Plestiodon kishinouyei;Lepidosauria
Plethodon caddoensis;Amphibia
Plethodon fourchensis;Amphibia
Plethodon hubrichti;Amphibia
Plethodon idahoensis;Amphibia
Plethodon mississippi;Amphibia
Plethodon punctatus;Amphibia
Plethodon sherando;Amphibia
Plethodon vandykei;Amphibia
Plethodon websteri;Amphibia
Plethodon wehrlei;Amphibia
Podarcis atrata;Lepidosauria
Podarcis cretensis;Lepidosauria
Podarcis hispanicus;Lepidosauria
Podarcis ionicus;Lepidosauria
Podarcis levendis;Lepidosauria
Podarcis lilfordi;Lepidosauria
Podarcis melisellensis;Lepidosauria
Podarcis milensis;Lepidosauria
Podarcis peloponnesiacus;Lepidosauria
Podarcis siculus;Lepidosauria
Podarcis tauricus;Lepidosauria
Podarcis tiliguerta;Lepidosauria
Podarcis waglerianus;Lepidosauria
Poecilia nelsoni;Actinopteri
Poecilia sulphuraria;Actinopteri
Poecilia vivipara;Actinopteri
Poeciliopsis infans;Actinopteri
Poephila acuticauda;Aves
Poephila cincta;Aves
Pogoniulus bilineatus;Aves
Pogoniulus chrysoconus;Aves
Pogoniulus pusillus;Aves
Polioptila plumbea;Aves
Pollimyrus marianne;Actinopteri
Polychrus acutirostris;Lepidosauria
Polypedates leucomystax;Amphibia
Polypedates megacephalus;Amphibia
Pomacentrus alleni;Actinopteri
Pomacentrus auriventris;Actinopteri
Pomacentrus caeruleus;Actinopteri
Pomacentrus coelestis;Actinopteri
Pomacentrus micronesicus;Actinopteri
Pomacentrus similis;Actinopteri
Pomarea mendozae;Aves
Pomatorhinus hypoleucos;Aves
Pomatorhinus schisticeps;Aves
Pomatoschistus microps;Actinopteri
Pomatostomus temporalis;Aves
Ponticola bathybius;Actinopteri
Pontinus kuhlii;Actinopteri
Poropuntius huangchuchieni;Actinopteri
Poropuntius solitus;Actinopteri
Porthidium lansbergii;Lepidosauria
Potamorrhaphis guianensis;Actinopteri
Potamotrygon orbignyi;Chondrichthyes
Praomys degraaffi;Mammalia
Praomys delectorum;Mammalia
Praomys derooi;Mammalia
Praomys hartwigi;Mammalia
Praomys lukolelae;Mammalia
Praomys minor;Mammalia
Praomys misonnei;Mammalia
Praomys morio;Mammalia
Praomys mutoni;Mammalia
Praomys petteri;Mammalia
Praomys rostratus;Mammalia
Premnoplex brunnescens;Aves
Priacanthus hamrur;Actinopteri
Priapichthys annectens;Actinopteri
Prinia crinigera;Aves
Prinia polychroa;Aves
Pristiapogon kallopterus;Actinopteri
Pristimantis altamnis;Amphibia
Pristimantis kichwarum;Amphibia
Pristiophorus cirratus;Chondrichthyes
Pristurus rupestris;Lepidosauria
Procapra picticaudata;Mammalia
Procellaria aequinoctialis;Aves
Proceratophrys melanopogon;Amphibia
Proechimys gardneri;Mammalia
Proechimys kulinae;Mammalia
Proechimys quadruplicatus;Mammalia
Proechimys roberti;Mammalia
Proechimys simonsi;Mammalia
Propithecus deckenii;Mammalia
Protosalanx hyalocranius;Actinopteri
Psalidodon fasciatus;Actinopteri
Psammodromus edwarsianus;Lepidosauria
Psammodromus hispanicus;Lepidosauria
Psammodromus occidentalis;Lepidosauria
Psammodynastes pulverulentus;Lepidosauria
Psammogobius knysnaensis;Actinopteri
Psammophis lineolatus;Lepidosauria
Psammophis mossambicus;Lepidosauria
Psammophis notostictus;Lepidosauria
Psammophis phillipsii;Lepidosauria
Psammophis schokari;Lepidosauria
Psammophylax rhombeatus;Lepidosauria
Psammophylax variabilis;Lepidosauria
Pseudacris cadaverina;Amphibia
Pseudacris sierra;Amphibia
Pseudastur albicollis;Aves
Pseudexostoma brachysoma;Actinopteri
Pseudis tocantins;Amphibia
Pseudobagrus albomarginatus;Actinopteri
Pseudobagrus pratti;Actinopteri
Pseudobagrus tenuis;Actinopteri
Pseudobranchus axanthus;Amphibia
Pseudochondrostoma duriense;Actinopteri
Pseudochondrostoma polylepis;Actinopteri
Pseudochondrostoma willkommii;Actinopteri
Pseudoeurycea lineola;Amphibia
Pseudoeurycea robertsi;Amphibia
Pseudogobius olorum;Actinopteri
Pseudogramma polyacantha;Actinopteri
Pseudogramma xantha;Actinopteri
Pseudolithoxus nicoi;Actinopteri
Pseudomys nanus;Mammalia
Pseudoplatystoma corruscans;Actinopteri
Pseudoplatystoma punctifer;Actinopteri
Pseudopodoces humilis;Aves
Pseudorasbora pugnax;Actinopteri
Pseudoromicia nyanza;Mammalia
Psilops paeminosus;Lepidosauria
Psychosaura macrorhyncha;Lepidosauria
Ptenochirus jagorii;Mammalia
Ptenochirus minor;Mammalia
Pterodroma arminjoniana;Aves
Pterodroma deserta;Aves
Pterodroma feae;Aves
Pterodroma macroptera;Aves
Pterodroma madeira;Aves
Pterodroma magentae;Aves
Pterodroma solandri;Aves
Pterogobius elapoides;Actinopteri
Pterogobius zonoleucus;Actinopteri
Pterois miles;Actinopteri
Pteronotropis euryzonus;Actinopteri
Pteropus mariannus;Mammalia
Pteropus rufus;Mammalia
Pterygoplichthys pardalis;Actinopteri
Ptiloris intercedens;Aves
Ptiloris magnificus;Aves
Ptyas dhumnades;Lepidosauria
Ptychadena nilotica;Amphibia
Ptychobarbus chungtienensis;Actinopteri
Ptychocheilus oregonensis;Actinopteri
Ptyodactylus orlovi;Lepidosauria
Ptyodactylus puiseuxi;Lepidosauria
Puffinus bailloni;Aves
Puffinus baroli;Aves
Puffinus boydi;Aves
Puffinus nicolae;Aves
Puntioplites bulu;Actinopteri
Puntius sahyadriensis;Actinopteri
Pygeretmus pumilio;Mammalia
Pyrgilauda blanfordi;Aves
Pyrgilauda ruficollis;Aves
Pyrrhula erythaca;Aves
Pyrrhula nipalensis;Aves
Pyrrhura roseifrons;Aves
Pyrrhura snethlageae;Aves
Pyxis arachnoides;
Quasipaa boulengeri;Amphibia
Quasipaa exilispinosa;Amphibia
Querula purpurata;Aves
Ramphocelus flammigerus;Aves
Ramphocelus icteronotus;Aves
Rana boylii;Amphibia
Rana chensinensis;Amphibia
Rana dalmatina;Amphibia
Rana draytonii;Amphibia
Rana graeca;Amphibia
Rana italica;Amphibia
Rana luteiventris;Amphibia
Rana parvipalmata;Amphibia
Rana pseudodalmatina;Amphibia
Rana sauteri;Amphibia
Rana uenoi;Amphibia
Ranitomeya amazonica;Amphibia
Ranitomeya imitator;Amphibia
Ranitomeya variabilis;Amphibia
Ranitomeya ventrimaculata;Amphibia
Rasbora dandia;Actinopteri
Rasbora lateristriata;Actinopteri
Rattus andamanensis;Mammalia
Rattus argentiventer;Mammalia
Rattus everetti;Mammalia
Rattus nitidus;Mammalia
Rattus pyctoris;Mammalia
Rattus sakeratensis;Mammalia
Reithrodontomys creper;Mammalia
Reithrodontomys microdon;Mammalia
Remiz macronyx;Aves
Rhabdophis chiwen;Lepidosauria
Rhabdophis leonardi;Lepidosauria
Rhabdophis nuchalis;Lepidosauria
Rhabdophis pentasupralabialis;Lepidosauria
Rhabdophis subminiatus;Lepidosauria
Rhamdia laticauda;Actinopteri
Rhamphocottus richardsonii;Actinopteri
Rhegmatorhina berlepschi;Aves
Rhegmatorhina gymnops;Aves
Rhegmatorhina hoffmannsi;Aves
Rhegmatorhina melanosticta;Aves
Rheoheros lentiginosus;Actinopteri
Rhinella horribilis;Amphibia
Rhinoclemmys melanosterna;
Rhinogobius candidianus;Actinopteri
Rhinogobius delicatus;Actinopteri
Rhinogobius duospilus;Actinopteri
Rhinolophus alcyone;Mammalia
Rhinolophus blasii;Mammalia
Rhinolophus deckenii;Mammalia
Rhinolophus denti;Mammalia
Rhinolophus hildebrandti;Mammalia
Rhinolophus huananus;Mammalia
Rhinolophus landeri;Mammalia
Rhinolophus lepidus;Mammalia
Rhinolophus mehelyi;Mammalia
Rhinolophus osgoodi;Mammalia
Rhinolophus swinnyi;Mammalia
Rhinopoma hardwickii;Mammalia
Rhinopoma microphyllum;Mammalia
Rhinopoma muscatellum;Mammalia
Rhipidomys emiliae;Mammalia
Rhoadsia altipinna;Actinopteri
Rhogeessa aeneus;Mammalia
Rhogeessa io;Mammalia
Rhopias gularis;Aves
Rhyacotriton variegatus;Amphibia
Rhynchocalamus melanocephalus;Lepidosauria
Rhynchocyclus olivaceus;Aves
Rhynchocyon petersi;Mammalia
Rhynchocypris percnurus;Actinopteri
Rivulus cylindraceus;Actinopteri
Rocio octofasciata;Actinopteri
Romerolagus diazi;Mammalia
Rousettus amplexicaudatus;Mammalia
Rousettus obliviosus;Mammalia
Rutilus heckelii;Actinopteri
Rutilus ohridanus;Actinopteri
Rutilus panosi;Actinopteri
Rutilus prespensis;Actinopteri
Sabanejewia bulgarica;Actinopteri
Saccostomus mashonae;Mammalia
Saimiri ustus;Mammalia
Salamandra algira;Amphibia
Salamandra corsica;Amphibia
Salamandrella tridactyla;Amphibia
Salminus hilarii;Actinopteri
Salmo labrax;Actinopteri
Saltator grossus;Aves
Saltuarius cornutus;Lepidosauria
Saltuarius moritzi;Lepidosauria
Salvelinus elgyticus;Actinopteri
Sardinops melanostictus;Actinopteri
Sarotherodon galilaeus;Actinopteri
Sarotherodon melanotheron;Actinopteri
Sarpa salpa;Actinopteri
Saurogobio gracilicaudatus;Actinopteri
Saurogobio gymnocheilus;Actinopteri
Saxatilomys paulinae;Mammalia
Saxicola caprata;Aves
Saxicola maurus;Aves
Scapteromys aquaticus;Mammalia
Scapteromys meridionalis;Mammalia
Scapteromys tumidus;Mammalia
Scarturus euphraticus;Mammalia
Scarturus toussi;Mammalia
Scarturus williamsi;Mammalia
Scatophagus argus;Actinopteri
Sceloporus becki;Lepidosauria
Sceloporus horridus;Lepidosauria
Sceloporus spinosus;Lepidosauria
Sceloporus woodi;Lepidosauria
Scelotes bipes;Lepidosauria
Scelotes gronovii;Lepidosauria
Schiffornis turdina;Aves
Schiffornis virescens;Aves
Schismatogobius ninja;Actinopteri
Schistura fasciolata;Actinopteri
Schistura obliquofascia;Actinopteri
Schistura poculi;Actinopteri
Schizopyge nukiangensis;Actinopteri
Schizopygopsis kessleri;Actinopteri
Schizothorax gongshanensis;Actinopteri
Schizothorax griseus;Actinopteri
Schizothorax lissolabiata;Actinopteri
Schizothorax macrophthalmus;Actinopteri
Schizothorax nepalensis;Actinopteri
Schizothorax raraensis;Actinopteri
Schizothorax yunnanensis;Actinopteri
Schoeniparus rufogularis;Aves
Sciaphylax hemimelaena;Aves
Scinax granulatus;Amphibia
Scinax ruber;Amphibia
Scinax squalirostris;Amphibia
Scincella boettgeri;Lepidosauria
Scincella formosensis;Lepidosauria
Scincella vandenburghi;Lepidosauria
Sciurus anomalus;Mammalia
Sclerurus albigularis;Aves
Sclerurus caudacutus;Aves
Sclerurus mexicanus;Aves
Sclerurus rufigularis;Aves
Sclerurus scansor;Aves
Scolopsis taenioptera;Actinopteri
Scomberomorus brasiliensis;Actinopteri
Scomberomorus concolor;Actinopteri
Scomberomorus sierra;Actinopteri
Scophthalmus maximus;Actinopteri
Scorpaena porcus;Actinopteri
Scotonycteris bergmansi;Mammalia
Scotonycteris zenkeri;Mammalia
Scotophilus andrewreborii;Mammalia
Scotophilus clade;Mammalia
Scotophilus dinganii;Mammalia
Scotophilus kuhlii;Mammalia
Scotophilus leucogaster;Mammalia
Scotophilus nux;Mammalia
Scriptaphyosemion geryi;Actinopteri
Scutiger boulengeri;Amphibia
Scutiger glandulatus;Amphibia
Scutiger liupanensis;Amphibia
Scutiger mammatus;Amphibia
Scutiger nepalensis;Amphibia
Scutiger ningshanensis;Amphibia
Scutiger sikimmensis;Amphibia
Scytalopus magellanicus;Aves
Scytalopus pachecoi;Aves
Scytalopus speluncae;Aves
Sebastes aurora;Actinopteri
Sebastes ensifer;Actinopteri
Sebastes oculatus;Actinopteri
Semnopithecus hypoleucos;Mammalia
Semnopithecus priam;Mammalia
Semnopithecus schistaceus;Mammalia
Semotilus corporalis;Actinopteri
Sholicola albiventris;Aves
Sicista severtzovi;Mammalia
Sicista subtilis;Mammalia
Sicista tianschanica;Mammalia
Sicyopterus aiensis;Actinopteri
Sicyopterus lagocephalus;Actinopteri
Sicyopterus sarasini;Actinopteri
Sicyopus zosterophorus;Actinopteri
Siganus corallinus;Actinopteri
Siganus doliatus;Actinopteri
Siganus lineatus;Actinopteri
Siganus luridus;Actinopteri
Siganus rivulatus;Actinopteri
Siganus sutor;Actinopteri
Sigmodon hirsutus;Mammalia
Sigmodon toltecus;Mammalia
Simalia amethistina;Lepidosauria
Sinibotia pulchra;Actinopteri
Sinibotia reevesae;Actinopteri
Sinibotia superciliaris;Actinopteri
Sinomicrurus japonicus;Lepidosauria
Sinomicrurus macclellandi;Lepidosauria
Sitta nagaensis;Aves
Skiffia bilineata;Actinopteri
Sminthopsis longicaudata;Mammalia
Solea aegyptiaca;Actinopteri
Somniosus microcephalus;Chondrichthyes
Sooglossus sechellensis;Amphibia
Sooretamys angouya;Mammalia
Sorex excelsus;Mammalia
Sorex gracillimus;Mammalia
Sorex haydeni;Mammalia
Sorex isodon;Mammalia
Sorex longirostris;Mammalia
Sorex portenkoi;Mammalia
Sorex satunini;Mammalia
Sorex shinto;Mammalia
Sorex sinalis;Mammalia
Sorex thibetanus;Mammalia
Sorex volnuchini;Mammalia
Sorex yukonicus;Mammalia
Soriculus nigrescens;Mammalia
Spathodus erythrodon;Actinopteri
Spea bombifrons;Amphibia
Spea multiplicata;Amphibia
Speleomantes flavus;Amphibia
Speleomantes genei;Amphibia
Speleomantes imperialis;Amphibia
Speleomantes strinatii;Amphibia
Speleomantes supramontis;Amphibia
Sperata seenghala;Actinopteri
Spermestes cucullata;Aves
Spermophilus erythrogenys;Mammalia
Spermophilus major;Mammalia
Spermophilus taurensis;Mammalia
Sphaerodactylus fantasticus;Lepidosauria
Sphaerodactylus vincenti;Lepidosauria
Spilogale interrupta;Mammalia
Spinus magellanicus;Aves
Spizixos semitorques;Aves
Sporophila bouvreuil;Aves
Sporophila hypoxantha;Aves
Squalidus gracilis;Actinopteri
Squalidus multimaculatus;Actinopteri
Squalius alburnoides;Actinopteri
Squalius aradensis;Actinopteri
Squalius malacitanus;Actinopteri
Squalius peloponensis;Actinopteri
Squalius squalus;Actinopteri
Squalius svallize;Actinopteri
Squalius torgalensis;Actinopteri
Squalius valentinus;Actinopteri
Squatina guggenheim;Chondrichthyes
Stegastes aureus;Actinopteri
Stenella clymene;Mammalia
Stenobrachius nannochir;Actinopteri
Stenocephalemys albipes;Mammalia
Stenocephalemys albocaudata;Mammalia
Stenocephalemys griseicauda;Mammalia
Sternarchogiton nattereri;Actinopteri
Sternotherus depressus;
Stiphrornis inexpectatus;Aves
Stiphrornis pyrrholaemus;Aves
Stiphrornis xanthogaster;Aves
Stipiturus malachurus;Aves
Stolephorus andhraensis;Actinopteri
Stolephorus commersonnii;Actinopteri
Stolephorus insularis;Actinopteri
Stolephorus tri;Actinopteri
Stolephorus waitei;Actinopteri
Streptopelia orientalis;Aves
Streptopelia picturata;Aves
Strophurus ciliaris;Lepidosauria
Sturnira ludovici;Mammalia
Sumaterana crassiovis;Amphibia
Suncus montanus;Mammalia
Sylvia margelanica;Aves
Sylvia minula;Aves
Sylvia moltonii;Aves
Sylvietta rufescens;Aves
Sylvietta virens;Aves
Sylvilagus brasiliensis;Mammalia
Sylvisorex granti;Mammalia
Sylvisorex lunaris;Mammalia
Sylvisorex vulcanorum;Mammalia
Symposiachrus guttula;Aves
Symposiachrus trivirgatus;Aves
Synallaxis cinerea;Aves
Synallaxis ruficapilla;Aves
Syncomistes butleri;Actinopteri
Syndactyla rufosuperciliata;Aves
Syngnathus abaster;Actinopteri
Syngnathus acus;Actinopteri
Syngnathus floridae;Actinopteri
Syngnathus temminckii;Actinopteri
Synodontis frontosus;Actinopteri
Synodontis serratus;Actinopteri
Systomus sarana;Actinopteri
Tachycnemis seychellensis;Amphibia
Tachyphonus coronatus;Aves
Tachysurus adiposalis;Actinopteri
Tachysurus crassilabris;Actinopteri
Tachysurus eupogon;Actinopteri
Tachysurus fulvidraco;Actinopteri
Tachysurus nitidus;Actinopteri
Tachysurus ussuriensis;Actinopteri
Tachysurus vachellii;Actinopteri
Takifugu alboplumbeus;Actinopteri
Takydromus formosanus;Lepidosauria
Talpa altaica;Mammalia
Talpa aquitania;Mammalia
Talpa caucasica;Mammalia
Talpa levantis;Mammalia
Talpa occidentalis;Mammalia
Talpa stankovici;Mammalia
Tamias alpinus;Mammalia
Tamiasciurus douglasii;Mammalia
Tanakia tanago;Actinopteri
Tanganicodus irsacae;Actinopteri
Tantilla relicta;Lepidosauria
Taphozous melanopogon;Mammalia
Taphozous nudiventris;Mammalia
Taphozous perforatus;Mammalia
Taraba major;Aves
Tarentola americana;Lepidosauria
Tarentola boettgeri;Lepidosauria
Tarentola caboverdiana;Lepidosauria
Tarentola darwini;Lepidosauria
Tarentola nicolauensis;Lepidosauria
Tarentola substituta;Lepidosauria
Tariqilabeo latius;Actinopteri
Tarsiger cyanurus;Aves
Tarsiger indicus;Aves
Tarsiger rufilatus;Aves
Telestes dabar;Actinopteri
Telestes fontinalis;Actinopteri
Telestes metohiensis;Actinopteri
Telestes montenegrinus;Actinopteri
Telestes turskyi;Actinopteri
Telestes ukliva;Actinopteri
Telmatobius halli;Amphibia
Telmatochromis brachygnathus;Actinopteri
Tenebrosternarchus preto;Actinopteri
Tenualosa macrura;Actinopteri
Tenuidactylus caspius;Lepidosauria
Thamnaconus septentrionalis;Actinopteri
Thamnodynastes lanei;Lepidosauria
Thamnomanes caesius;Aves
Thamnophilus ambiguus;Aves
Thamnophilus caerulescens;Aves
Thomomys anitae;Mammalia
Thomomys atrovarius;Mammalia
Thomomys fulvus;Mammalia
Thomomys nigricans;Mammalia
Thomomys sheldoni;Mammalia
Thomomys umbrinus;Mammalia
Thorichthys helleri;Actinopteri
Thorichthys maculipinnis;Actinopteri
Thraupis sayaca;Aves
Thryssa hamiltonii;Actinopteri
Thymallus thymallus;Actinopteri
Thymallus tugarinae;Actinopteri
Tityra semifasciata;Aves
Tonkinomys daovantieni;Mammalia
Tor douronensis;Actinopteri
Toxabramis houdemeri;Actinopteri
Toxicodryas pulverulenta;Lepidosauria
Trachemys venusta;
Trachurus picturatus;Actinopteri
Trachylepis comorensis;Lepidosauria
Trachylepis wrightii;Lepidosauria
Trachypithecus germaini;Mammalia
Trapelus ruderatus;Lepidosauria
Trematomus eulepidotus;Actinopteri
Trematomus hansoni;Actinopteri
Treron calvus;Aves
Triaenops afer;Mammalia
Triaenops persicus;Mammalia
Triaenops rufus;Mammalia
Tribolodon sachalinensis;Actinopteri
Trichomycterus alternatus;Actinopteri
Trichomycterus caudofasciatus;Actinopteri
Trichomycterus jequitinhonhae;Actinopteri
Trichomycterus longibarbatus;Actinopteri
Trichomycterus pradensis;Actinopteri
Trichomycterus reinhardti;Actinopteri
Trichothraupis melanops;Aves
Trichromis salvini;Actinopteri
Tridentiger bifasciatus;Actinopteri
Tridentiger brevispinis;Actinopteri
Tridentiger obscurus;Actinopteri
Trimeresurus macrops;Lepidosauria
Trimeresurus malabaricus;Lepidosauria
Trimeresurus septentrionalis;Lepidosauria
Trimerodytes percarinatus;Lepidosauria
Trinomys iheringi;Mammalia
Triplophysa brevicauda;Actinopteri
Triplophysa hsutschouensis;Actinopteri
Triplophysa leptosoma;Actinopteri
Triplophysa orientalis;Actinopteri
Triplophysa pappenheimi;Actinopteri
Triplophysa siluroides;Actinopteri
Triplophysa stewarti;Actinopteri
Triplophysa stoliczkai;Actinopteri
Triplophysa tibetana;Actinopteri
Trochalopteron elliotii;Aves
Troglodytes pacificus;Aves
Tropidurus etheridgei;Lepidosauria
Tropidurus hygomi;Lepidosauria
Tropidurus jaguaribanus;Lepidosauria
Tropidurus semitaeniatus;Lepidosauria
Tupaia longipes;Mammalia
Tupaia montana;Mammalia
Turdus falcklandii;Aves
Typhlomys chapensis;Mammalia
Typhlomys daloushanensis;Mammalia
Uma cowlesi;Lepidosauria
Uma exsul;Lepidosauria
Uma inornata;Lepidosauria
Uma paraphygas;Lepidosauria
Uma rufopunctata;Lepidosauria
Uma scoparia;Lepidosauria
Urocitellus armatus;Mammalia
Urocitellus columbianus;Mammalia
Urocitellus elegans;Mammalia
Urocitellus endemicus;Mammalia
Urocitellus undulatus;Mammalia
Uroderma bilobatum;Mammalia
Uropsilus aequodonenia;Mammalia
Uropsilus atronates;Mammalia
Uropsilus gracilis;Mammalia
Uropsilus investigator;Mammalia
Uropsilus nivatus;Mammalia
Uropterygius micropterus;Actinopteri
Urosaurus graciosus;Lepidosauria
Urva edwardsii;Mammalia
Urva javanica;Mammalia
Vampyressa pusilla;Mammalia
Varzea bistriata;Lepidosauria
Vieja bifasciata;Actinopteri
Vieja fenestrata;Actinopteri
Vieja hartwegi;Actinopteri
Vieja maculicauda;Actinopteri
Vieja melanura;Actinopteri
Vimba vimba;Actinopteri
Vipera eriwanensis;Lepidosauria
Vipera kaznakovi;Lepidosauria
Vipera seoanei;Lepidosauria
Vireo plumbeus;Aves
Wijayarana sumatrana;Amphibia
Willisornis poecilinotus;Aves
Willisornis vidua;Aves
Xantusia bezyi;Lepidosauria
Xenocalamus bicolor;Lepidosauria
Xenotoca variata;Actinopteri
Xiphorhynchus elegans;Aves
Xiphorhynchus fuscus;Aves
Xiphorhynchus guttatoides;Aves
Xiphorhynchus guttatus;Aves
Xiphorhynchus juruanus;Aves
Xiphorhynchus obsoletus;Aves
Xiphorhynchus ocellatus;Aves
Xiphorhynchus spixii;Aves
Xiphorhynchus susurrans;Aves
Yasuhikotakia modesta;Actinopteri
Zamenis hohenackeri;Lepidosauria
Zhangixalus omeimontis;Amphibia
Zoarces fedorovi;Actinopteri
Zonosaurus aeneus;Lepidosauria
Zonosaurus karsteni;Lepidosauria
Zonosaurus laticaudatus;Lepidosauria
Zonosaurus rufipes;Lepidosauria
Zoogoneticus quitzeoensis;Actinopteri
Zoothera mollissima;Aves
Zoothera salimalii;Aves
Zosterops poliogastrus;Aves
Zosterops simplex;Aves
